,주소,주차장 종류명,운영구분명,유무료구분명,야간무료개방여부명
0,구로구 구로동 414-13,노상 주차장,시간제 주차장,유료,야간 미개방
1,구로구 구로동 414-13,노상 주차장,시간제 주차장,유료,야간 미개방
2,구로구 구로동 414-13,노상 주차장,시간제 주차장,유료,야간 미개방
3,구로구 구로동 414-13,노상 주차장,시간제 주차장,유료,야간 미개방
4,구로구 구로동 414-13,노상 주차장,시간제 주차장,유료,야간 미개방
5,구로구 구로동 414-13,노상 주차장,시간제 주차장,유료,야간 미개방
6,구로구 구로동 414-13,노상 주차장,시간제 주차장,유료,야간 미개방
7,구로구 구로동 414-13,노상 주차장,시간제 주차장,유료,야간 미개방
8,구로구 구로동 414-13,노상 주차장,시간제 주차장,유료,야간 미개방
9,구로구 구로동 414-13,노상 주차장,시간제 주차장,유료,야간 미개방
10,구로구 구로동 414-13,노상 주차장,시간제 주차장,유료,야간 미개방
11,구로구 구로동 414-13,노상 주차장,시간제 주차장,유료,야간 미개방
12,구로구 구로동 414-13,노상 주차장,시간제 주차장,유료,야간 미개방
13,구로구 구로동 414-13,노상 주차장,시간제 주차장,유료,야간 미개방
14,구로구 구로동 414-13,노상 주차장,시간제 주차장,유료,야간 미개방
15,구로구 구로동 414-13,노상 주차장,시간제 주차장,유료,야간 미개방
16,구로구 구로동 414-13,노상 주차장,시간제 주차장,유료,야간 미개방
17,구로구 구로동 414-13,노상 주차장,시간제 주차장,유료,야간 미개방
18,구로구 개봉동 416-2,노외 주차장,시간제 주차장,유료,야간 미개방
19,구로구 개봉동 134-8,노외 주차장,시간제 주차장,유료,야간 미개방
20,강서구 개화동 664-0,노외 주차장,시간제 주차장,유료,야간 미개방
21,금천구 가산동 691-3,노상 주차장,시간제 주차장,유료,야간 미개방
22,금천구 가산동 691-3,노상 주차장,시간제 주차장,유료,야간 미개방
23,금천구 가산동 691-3,노상 주차장,시간제 주차장,유료,야간 미개방
24,금천구 가산동 691-3,노상 주차장,시간제 주차장,유료,야간 미개방
25,금천구 가산동 691-3,노상 주차장,시간제 주차장,유료,야간 미개방
26,금천구 가산동 691-3,노상 주차장,시간제 주차장,유료,야간 미개방
27,금천구 가산동 691-3,노상 주차장,시간제 주차장,유료,야간 미개방
28,금천구 가산동 691-3,노상 주차장,시간제 주차장,유료,야간 미개방
29,금천구 가산동 691-3,노상 주차장,시간제 주차장,유료,야간 미개방
30,금천구 가산동 691-3,노상 주차장,시간제 주차장,유료,야간 미개방
31,금천구 가산동 691-3,노상 주차장,시간제 주차장,유료,야간 미개방
32,금천구 가산동 691-3,노상 주차장,시간제 주차장,유료,야간 미개방
33,금천구 가산동 691-3,노상 주차장,시간제 주차장,유료,야간 미개방
34,금천구 가산동 691-3,노상 주차장,시간제 주차장,유료,야간 미개방
35,금천구 가산동 691-3,노상 주차장,시간제 주차장,유료,야간 미개방
36,금천구 가산동 691-3,노상 주차장,시간제 주차장,유료,야간 미개방
37,금천구 가산동 691-3,노상 주차장,시간제 주차장,유료,야간 미개방
38,금천구 가산동 691-3,노상 주차장,시간제 주차장,유료,야간 미개방
39,금천구 가산동 691-3,노상 주차장,시간제 주차장,유료,야간 미개방
40,금천구 가산동 691-3,노상 주차장,시간제 주차장,유료,야간 미개방
41,금천구 가산동 691-3,노상 주차장,시간제 주차장,유료,야간 미개방
42,금천구 가산동 691-3,노상 주차장,시간제 주차장,유료,야간 미개방
43,금천구 가산동 691-3,노상 주차장,시간제 주차장,유료,야간 미개방
44,금천구 가산동 691-3,노상 주차장,시간제 주차장,유료,야간 미개방
45,금천구 가산동 691-3,노상 주차장,시간제 주차장,유료,야간 미개방
46,금천구 가산동 691-3,노상 주차장,시간제 주차장,유료,야간 미개방
47,금천구 가산동 691-3,노상 주차장,시간제 주차장,유료,야간 미개방
48,금천구 가산동 691-3,노상 주차장,시간제 주차장,유료,야간 미개방
49,금천구 가산동 691-3,노상 주차장,시간제 주차장,유료,야간 미개방
50,금천구 가산동 691-3,노상 주차장,시간제 주차장,유료,야간 미개방
51,금천구 가산동 691-3,노상 주차장,시간제 주차장,유료,야간 미개방
52,금천구 가산동 691-3,노상 주차장,시간제 주차장,유료,야간 미개방
53,금천구 가산동 691-3,노상 주차장,시간제 주차장,유료,야간 미개방
54,금천구 가산동 691-3,노상 주차장,시간제 주차장,유료,야간 미개방
55,금천구 가산동 691-3,노상 주차장,시간제 주차장,유료,야간 미개방
56,금천구 가산동 691-3,노상 주차장,시간제 주차장,유료,야간 미개방
57,금천구 가산동 691-3,노상 주차장,시간제 주차장,유료,야간 미개방
58,금천구 가산동 691-3,노상 주차장,시간제 주차장,유료,야간 미개방
59,금천구 가산동 691-3,노상 주차장,시간제 주차장,유료,야간 미개방
60,강동구 강일동 292-2,노외 주차장,시간제 주차장,유료,야간 미개방
61,양천구 목동 919-5,노외 주차장,시간제 주차장,유료,야간 미개방
62,강서구 화곡동 662-15,노외 주차장,시간제 주차장,유료,야간 미개방
63,동대문구 휘경동 361-0,노외 주차장,시간제 주차장,유료,야간 미개방
64,중구 신당동 222-3,노상 주차장,버스전용 주차장,무료,야간 미개방
65,중구 신당동 222-3,노상 주차장,버스전용 주차장,무료,야간 미개방
66,중구 신당동 222-3,노상 주차장,버스전용 주차장,무료,야간 미개방
67,중구 신당동 222-3,노상 주차장,버스전용 주차장,무료,야간 미개방
68,구로구 고척동 9-14,노외 주차장,시간제 주차장,유료,야간 미개방
69,금천구 가산동 505-3,노외 주차장,시간제 주차장,유료,야간 미개방
70,노원구 하계동 252-6,노외 주차장,시간제 + 거주자 주차장,유료,야간 미개방
71,영등포구 신길동 69-39,노외 주차장,시간제 주차장,유료,야간 미개방
72,성북구 삼선동3가 43-1,노외 주차장,시간제 주차장,유료,야간 미개방
73,종로구 내자동 67-2,노상 주차장,이륜차 전용 주차장,무료,야간 미개방
74,종로구 내자동 67-2,노상 주차장,이륜차 전용 주차장,무료,야간 미개방
75,종로구 내자동 67-2,노상 주차장,이륜차 전용 주차장,무료,야간 미개방
76,종로구 내자동 67-2,노상 주차장,이륜차 전용 주차장,무료,야간 미개방
77,종로구 내자동 67-2,노상 주차장,이륜차 전용 주차장,무료,야간 미개방
78,노원구 공릉동 629-1,노상 주차장,시간제 주차장,유료,야간 미개방
79,노원구 공릉동 629-1,노상 주차장,시간제 주차장,유료,야간 미개방
80,노원구 공릉동 629-1,노상 주차장,시간제 주차장,유료,야간 미개방
81,노원구 공릉동 629-1,노상 주차장,시간제 주차장,유료,야간 미개방
82,노원구 공릉동 629-1,노상 주차장,시간제 주차장,유료,야간 미개방
83,노원구 공릉동 629-1,노상 주차장,시간제 주차장,유료,야간 미개방
84,노원구 공릉동 629-1,노상 주차장,시간제 주차장,유료,야간 미개방
85,노원구 공릉동 629-1,노상 주차장,시간제 주차장,유료,야간 미개방
86,노원구 공릉동 629-1,노상 주차장,시간제 주차장,유료,야간 미개방
87,노원구 공릉동 629-1,노상 주차장,시간제 주차장,유료,야간 미개방
88,노원구 공릉동 629-1,노상 주차장,시간제 주차장,유료,야간 미개방
89,강서구 가양동 1485-0,노상 주차장,시간제 주차장,유료,야간 미개방
90,강서구 가양동 1485-0,노상 주차장,시간제 주차장,유료,야간 미개방
91,강서구 가양동 1485-0,노상 주차장,시간제 주차장,유료,야간 미개방
92,강서구 가양동 1485-0,노상 주차장,시간제 주차장,유료,야간 미개방
93,강서구 가양동 1485-0,노상 주차장,시간제 주차장,유료,야간 미개방
94,강서구 가양동 1485-0,노상 주차장,시간제 주차장,유료,야간 미개방
95,강서구 가양동 1485-0,노상 주차장,시간제 주차장,유료,야간 미개방
96,강서구 가양동 1485-0,노상 주차장,시간제 주차장,유료,야간 미개방
97,강서구 가양동 1485-0,노상 주차장,시간제 주차장,유료,야간 미개방
98,강서구 가양동 1485-0,노상 주차장,시간제 주차장,유료,야간 미개방
99,강서구 가양동 1485-0,노상 주차장,시간제 주차장,유료,야간 미개방
100,강서구 가양동 1485-0,노상 주차장,시간제 주차장,유료,야간 미개방
101,강서구 가양동 1485-0,노상 주차장,시간제 주차장,유료,야간 미개방
102,강서구 가양동 1485-0,노상 주차장,시간제 주차장,유료,야간 미개방
103,강서구 가양동 1485-0,노상 주차장,시간제 주차장,유료,야간 미개방
104,강서구 가양동 1485-0,노상 주차장,시간제 주차장,유료,야간 미개방
105,강서구 가양동 1485-0,노상 주차장,시간제 주차장,유료,야간 미개방
106,강서구 가양동 1485-0,노상 주차장,시간제 주차장,유료,야간 미개방
107,강서구 가양동 1485-0,노상 주차장,시간제 주차장,유료,야간 미개방
108,강서구 가양동 1485-0,노상 주차장,시간제 주차장,유료,야간 미개방
109,강서구 가양동 1485-0,노상 주차장,시간제 주차장,유료,야간 미개방
110,강서구 가양동 1485-0,노상 주차장,시간제 주차장,유료,야간 미개방
111,강서구 가양동 1485-0,노상 주차장,시간제 주차장,유료,야간 미개방
112,강서구 가양동 1485-0,노상 주차장,시간제 주차장,유료,야간 미개방
113,강서구 가양동 1485-0,노상 주차장,시간제 주차장,유료,야간 미개방
114,강서구 가양동 1485-0,노상 주차장,시간제 주차장,유료,야간 미개방
115,강서구 가양동 1485-0,노상 주차장,시간제 주차장,유료,야간 미개방
116,강서구 가양동 1485-0,노상 주차장,시간제 주차장,유료,야간 미개방
117,강서구 가양동 1485-0,노상 주차장,시간제 주차장,유료,야간 미개방
118,강서구 가양동 1485-0,노상 주차장,시간제 주차장,유료,야간 미개방
119,강서구 가양동 1485-0,노상 주차장,시간제 주차장,유료,야간 미개방
120,강서구 가양동 1485-0,노상 주차장,시간제 주차장,유료,야간 미개방
121,강서구 가양동 1485-0,노상 주차장,시간제 주차장,유료,야간 미개방
122,강서구 가양동 1485-0,노상 주차장,시간제 주차장,유료,야간 미개방
123,강서구 가양동 1485-0,노상 주차장,시간제 주차장,유료,야간 미개방
124,강서구 가양동 1485-0,노상 주차장,시간제 주차장,유료,야간 미개방
125,강서구 가양동 1485-0,노상 주차장,시간제 주차장,유료,야간 미개방
126,강서구 가양동 1485-0,노상 주차장,시간제 주차장,유료,야간 미개방
127,강서구 가양동 1485-0,노상 주차장,시간제 주차장,유료,야간 미개방
128,강서구 가양동 1485-0,노상 주차장,시간제 주차장,유료,야간 미개방
129,강서구 가양동 1485-0,노상 주차장,시간제 주차장,유료,야간 미개방
130,강서구 가양동 1485-0,노상 주차장,시간제 주차장,유료,야간 미개방
131,강서구 가양동 1485-0,노상 주차장,시간제 주차장,유료,야간 미개방
132,강서구 가양동 1485-0,노상 주차장,시간제 주차장,유료,야간 미개방
133,강서구 가양동 1485-0,노상 주차장,시간제 주차장,유료,야간 미개방
134,강서구 가양동 1485-0,노상 주차장,시간제 주차장,유료,야간 미개방
135,강서구 가양동 1485-0,노상 주차장,시간제 주차장,유료,야간 미개방
136,강서구 가양동 1485-0,노상 주차장,시간제 주차장,유료,야간 미개방
137,강서구 가양동 1485-0,노상 주차장,시간제 주차장,유료,야간 미개방
138,강서구 가양동 1485-0,노상 주차장,시간제 주차장,유료,야간 미개방
139,강서구 가양동 1485-0,노상 주차장,시간제 주차장,유료,야간 미개방
140,강서구 가양동 1485-0,노상 주차장,시간제 주차장,유료,야간 미개방
141,강서구 가양동 1485-0,노상 주차장,시간제 주차장,유료,야간 미개방
142,강서구 가양동 1485-0,노상 주차장,시간제 주차장,유료,야간 미개방
143,강서구 가양동 1485-0,노상 주차장,시간제 주차장,유료,야간 미개방
144,강서구 가양동 1485-0,노상 주차장,시간제 주차장,유료,야간 미개방
145,강서구 가양동 1485-0,노상 주차장,시간제 주차장,유료,야간 미개방
146,강서구 가양동 1485-0,노상 주차장,시간제 주차장,유료,야간 미개방
147,강서구 가양동 1485-0,노상 주차장,시간제 주차장,유료,야간 미개방
148,강서구 가양동 1485-0,노상 주차장,시간제 주차장,유료,야간 미개방
149,강서구 가양동 1485-0,노상 주차장,시간제 주차장,유료,야간 미개방
150,강서구 가양동 1485-0,노상 주차장,시간제 주차장,유료,야간 미개방
151,강서구 가양동 1485-0,노상 주차장,시간제 주차장,유료,야간 미개방
152,강서구 가양동 1485-0,노상 주차장,시간제 주차장,유료,야간 미개방
153,강서구 가양동 1485-0,노상 주차장,시간제 주차장,유료,야간 미개방
154,강서구 가양동 1485-0,노상 주차장,시간제 주차장,유료,야간 미개방
155,강서구 가양동 1485-0,노상 주차장,시간제 주차장,유료,야간 미개방
156,강서구 가양동 1485-0,노상 주차장,시간제 주차장,유료,야간 미개방
157,강서구 가양동 1485-0,노상 주차장,시간제 주차장,유료,야간 미개방
158,강서구 가양동 1485-0,노상 주차장,시간제 주차장,유료,야간 미개방
159,강서구 가양동 1485-0,노상 주차장,시간제 주차장,유료,야간 미개방
160,강서구 가양동 1485-0,노상 주차장,시간제 주차장,유료,야간 미개방
161,강서구 가양동 1485-0,노상 주차장,시간제 주차장,유료,야간 미개방
162,강서구 가양동 1485-0,노상 주차장,시간제 주차장,유료,야간 미개방
163,강서구 가양동 1485-0,노상 주차장,시간제 주차장,유료,야간 미개방
164,강서구 가양동 1485-0,노상 주차장,시간제 주차장,유료,야간 미개방
165,강서구 가양동 1485-0,노상 주차장,시간제 주차장,유료,야간 미개방
166,강서구 가양동 1485-0,노상 주차장,시간제 주차장,유료,야간 미개방
167,강서구 가양동 1485-0,노상 주차장,시간제 주차장,유료,야간 미개방
168,강서구 가양동 1485-0,노상 주차장,시간제 주차장,유료,야간 미개방
169,마포구 서교동 376-5,노상 주차장,시간제 주차장,유료,야간 미개방
170,마포구 서교동 376-5,노상 주차장,시간제 주차장,유료,야간 미개방
171,마포구 서교동 376-5,노상 주차장,시간제 주차장,유료,야간 미개방
172,마포구 서교동 376-5,노상 주차장,시간제 주차장,유료,야간 미개방
173,마포구 서교동 376-5,노상 주차장,시간제 주차장,유료,야간 미개방
174,마포구 서교동 376-5,노상 주차장,시간제 주차장,유료,야간 미개방
175,마포구 서교동 376-5,노상 주차장,시간제 주차장,유료,야간 미개방
176,마포구 서교동 376-5,노상 주차장,시간제 주차장,유료,야간 미개방
177,마포구 서교동 376-5,노상 주차장,시간제 주차장,유료,야간 미개방
178,마포구 서교동 376-5,노상 주차장,시간제 주차장,유료,야간 미개방
179,마포구 서교동 376-5,노상 주차장,시간제 주차장,유료,야간 미개방
180,마포구 서교동 376-5,노상 주차장,시간제 주차장,유료,야간 미개방
181,마포구 서교동 376-5,노상 주차장,시간제 주차장,유료,야간 미개방
182,마포구 서교동 376-5,노상 주차장,시간제 주차장,유료,야간 미개방
183,마포구 서교동 376-5,노상 주차장,시간제 주차장,유료,야간 미개방
184,마포구 서교동 376-5,노상 주차장,시간제 주차장,유료,야간 미개방
185,마포구 서교동 376-5,노상 주차장,시간제 주차장,유료,야간 미개방
186,마포구 서교동 376-5,노상 주차장,시간제 주차장,유료,야간 미개방
187,마포구 서교동 376-5,노상 주차장,시간제 주차장,유료,야간 미개방
188,마포구 서교동 376-5,노상 주차장,시간제 주차장,유료,야간 미개방
189,마포구 서교동 376-5,노상 주차장,시간제 주차장,유료,야간 미개방
190,금천구 가산동 371-57,노상 주차장,시간제 주차장,유료,야간 미개방
191,금천구 가산동 371-57,노상 주차장,시간제 주차장,유료,야간 미개방
192,금천구 가산동 371-57,노상 주차장,시간제 주차장,유료,야간 미개방
193,금천구 독산동 300-26,노상 주차장,시간제 주차장,유료,야간 미개방
194,금천구 독산동 300-26,노상 주차장,시간제 주차장,유료,야간 미개방
195,금천구 독산동 300-26,노상 주차장,시간제 주차장,유료,야간 미개방
196,금천구 독산동 300-26,노상 주차장,시간제 주차장,유료,야간 미개방
197,금천구 독산동 300-26,노상 주차장,시간제 주차장,유료,야간 미개방
198,금천구 독산동 300-26,노상 주차장,시간제 주차장,유료,야간 미개방
199,금천구 독산동 300-26,노상 주차장,시간제 주차장,유료,야간 미개방
200,금천구 독산동 300-26,노상 주차장,시간제 주차장,유료,야간 미개방
201,금천구 독산동 300-26,노상 주차장,시간제 주차장,유료,야간 미개방
202,금천구 독산동 300-26,노상 주차장,시간제 주차장,유료,야간 미개방
203,금천구 독산동 300-26,노상 주차장,시간제 주차장,유료,야간 미개방
204,금천구 독산동 300-26,노상 주차장,시간제 주차장,유료,야간 미개방
205,금천구 독산동 300-26,노상 주차장,시간제 주차장,유료,야간 미개방
206,금천구 독산동 300-26,노상 주차장,시간제 주차장,유료,야간 미개방
207,금천구 독산동 300-26,노상 주차장,시간제 주차장,유료,야간 미개방
208,금천구 독산동 300-26,노상 주차장,시간제 주차장,유료,야간 미개방
209,금천구 독산동 300-26,노상 주차장,시간제 주차장,유료,야간 미개방
210,금천구 독산동 300-26,노상 주차장,시간제 주차장,유료,야간 미개방
211,금천구 독산동 300-26,노상 주차장,시간제 주차장,유료,야간 미개방
212,금천구 독산동 300-21,노상 주차장,시간제 주차장,유료,야간 미개방
213,금천구 독산동 300-21,노상 주차장,시간제 주차장,유료,야간 미개방
214,금천구 독산동 300-21,노상 주차장,시간제 주차장,유료,야간 미개방
215,금천구 독산동 300-21,노상 주차장,시간제 주차장,유료,야간 미개방
216,금천구 독산동 300-21,노상 주차장,시간제 주차장,유료,야간 미개방
217,금천구 독산동 300-21,노상 주차장,시간제 주차장,유료,야간 미개방
218,금천구 독산동 300-21,노상 주차장,시간제 주차장,유료,야간 미개방
219,금천구 독산동 300-21,노상 주차장,시간제 주차장,유료,야간 미개방
220,금천구 독산동 300-21,노상 주차장,시간제 주차장,유료,야간 미개방
221,금천구 독산동 300-21,노상 주차장,시간제 주차장,유료,야간 미개방
222,금천구 독산동 300-21,노상 주차장,시간제 주차장,유료,야간 미개방
223,금천구 독산동 300-21,노상 주차장,시간제 주차장,유료,야간 미개방
224,금천구 독산동 300-21,노상 주차장,시간제 주차장,유료,야간 미개방
225,금천구 독산동 300-21,노상 주차장,시간제 주차장,유료,야간 미개방
226,금천구 독산동 300-21,노상 주차장,시간제 주차장,유료,야간 미개방
227,금천구 독산동 300-21,노상 주차장,시간제 주차장,유료,야간 미개방
228,금천구 독산동 300-21,노상 주차장,시간제 주차장,유료,야간 미개방
229,금천구 독산동 300-21,노상 주차장,시간제 주차장,유료,야간 미개방
230,금천구 독산동 300-21,노상 주차장,시간제 주차장,유료,야간 미개방
231,금천구 독산동 300-21,노상 주차장,시간제 주차장,유료,야간 미개방
232,금천구 독산동 300-21,노상 주차장,시간제 주차장,유료,야간 미개방
233,금천구 독산동 300-21,노상 주차장,시간제 주차장,유료,야간 미개방
234,금천구 독산동 300-21,노상 주차장,시간제 주차장,유료,야간 미개방
235,금천구 독산동 300-21,노상 주차장,시간제 주차장,유료,야간 미개방
236,금천구 독산동 300-21,노상 주차장,시간제 주차장,유료,야간 미개방
237,금천구 독산동 300-21,노상 주차장,시간제 주차장,유료,야간 미개방
238,금천구 독산동 300-21,노상 주차장,시간제 주차장,유료,야간 미개방
239,금천구 독산동 300-21,노상 주차장,시간제 주차장,유료,야간 미개방
240,금천구 독산동 300-21,노상 주차장,시간제 주차장,유료,야간 미개방
241,금천구 독산동 300-21,노상 주차장,시간제 주차장,유료,야간 미개방
242,금천구 독산동 300-21,노상 주차장,시간제 주차장,유료,야간 미개방
243,금천구 독산동 300-21,노상 주차장,시간제 주차장,유료,야간 미개방
244,금천구 독산동 300-21,노상 주차장,시간제 주차장,유료,야간 미개방
245,금천구 독산동 300-21,노상 주차장,시간제 주차장,유료,야간 미개방
246,금천구 독산동 300-21,노상 주차장,시간제 주차장,유료,야간 미개방
247,금천구 독산동 300-21,노상 주차장,시간제 주차장,유료,야간 미개방
248,금천구 독산동 300-21,노상 주차장,시간제 주차장,유료,야간 미개방
249,금천구 가산동 35-2,노상 주차장,시간제 주차장,유료,야간 미개방
250,금천구 가산동 35-2,노상 주차장,시간제 주차장,유료,야간 미개방
251,금천구 가산동 35-2,노상 주차장,시간제 주차장,유료,야간 미개방
252,금천구 가산동 35-2,노상 주차장,시간제 주차장,유료,야간 미개방
253,금천구 가산동 35-2,노상 주차장,시간제 주차장,유료,야간 미개방
254,금천구 가산동 35-2,노상 주차장,시간제 주차장,유료,야간 미개방
255,금천구 가산동 35-2,노상 주차장,시간제 주차장,유료,야간 미개방
256,금천구 가산동 35-2,노상 주차장,시간제 주차장,유료,야간 미개방
257,금천구 가산동 35-2,노상 주차장,시간제 주차장,유료,야간 미개방
258,금천구 가산동 35-2,노상 주차장,시간제 주차장,유료,야간 미개방
259,금천구 가산동 35-2,노상 주차장,시간제 주차장,유료,야간 미개방
260,금천구 가산동 35-2,노상 주차장,시간제 주차장,유료,야간 미개방
261,금천구 가산동 35-2,노상 주차장,시간제 주차장,유료,야간 미개방
262,금천구 가산동 35-2,노상 주차장,시간제 주차장,유료,야간 미개방
263,금천구 가산동 35-2,노상 주차장,시간제 주차장,유료,야간 미개방
264,금천구 가산동 35-2,노상 주차장,시간제 주차장,유료,야간 미개방
265,금천구 가산동 35-2,노상 주차장,시간제 주차장,유료,야간 미개방
266,금천구 가산동 35-2,노상 주차장,시간제 주차장,유료,야간 미개방
267,금천구 가산동 35-2,노상 주차장,시간제 주차장,유료,야간 미개방
268,금천구 가산동 35-2,노상 주차장,시간제 주차장,유료,야간 미개방
269,금천구 가산동 35-2,노상 주차장,시간제 주차장,유료,야간 미개방
270,금천구 가산동 35-2,노상 주차장,시간제 주차장,유료,야간 미개방
271,금천구 가산동 35-2,노상 주차장,시간제 주차장,유료,야간 미개방
272,금천구 가산동 35-2,노상 주차장,시간제 주차장,유료,야간 미개방
273,금천구 가산동 35-2,노상 주차장,시간제 주차장,유료,야간 미개방
274,금천구 가산동 35-2,노상 주차장,시간제 주차장,유료,야간 미개방
275,금천구 가산동 35-2,노상 주차장,시간제 주차장,유료,야간 미개방
276,금천구 가산동 35-2,노상 주차장,시간제 주차장,유료,야간 미개방
277,금천구 가산동 35-2,노상 주차장,시간제 주차장,유료,야간 미개방
278,금천구 가산동 35-2,노상 주차장,시간제 주차장,유료,야간 미개방
279,금천구 가산동 35-2,노상 주차장,시간제 주차장,유료,야간 미개방
280,금천구 가산동 35-2,노상 주차장,시간제 주차장,유료,야간 미개방
281,금천구 가산동 35-2,노상 주차장,시간제 주차장,유료,야간 미개방
282,금천구 가산동 35-2,노상 주차장,시간제 주차장,유료,야간 미개방
283,금천구 가산동 35-2,노상 주차장,시간제 주차장,유료,야간 미개방
284,금천구 가산동 35-2,노상 주차장,시간제 주차장,유료,야간 미개방
285,금천구 가산동 35-2,노상 주차장,시간제 주차장,유료,야간 미개방
286,금천구 가산동 35-2,노상 주차장,시간제 주차장,유료,야간 미개방
287,금천구 가산동 35-2,노상 주차장,시간제 주차장,유료,야간 미개방
288,금천구 가산동 35-2,노상 주차장,시간제 주차장,유료,야간 미개방
289,금천구 가산동 35-2,노상 주차장,시간제 주차장,유료,야간 미개방
290,금천구 가산동 60-36,노상 주차장,시간제 주차장,유료,야간 미개방
291,금천구 가산동 60-36,노상 주차장,시간제 주차장,유료,야간 미개방
292,금천구 가산동 60-36,노상 주차장,시간제 주차장,유료,야간 미개방
293,금천구 가산동 60-36,노상 주차장,시간제 주차장,유료,야간 미개방
294,금천구 가산동 60-36,노상 주차장,시간제 주차장,유료,야간 미개방
295,금천구 가산동 60-36,노상 주차장,시간제 주차장,유료,야간 미개방
296,금천구 가산동 60-36,노상 주차장,시간제 주차장,유료,야간 미개방
297,금천구 가산동 60-36,노상 주차장,시간제 주차장,유료,야간 미개방
298,금천구 가산동 60-36,노상 주차장,시간제 주차장,유료,야간 미개방
299,금천구 가산동 60-36,노상 주차장,시간제 주차장,유료,야간 미개방
300,금천구 가산동 60-36,노상 주차장,시간제 주차장,유료,야간 미개방
301,금천구 가산동 60-36,노상 주차장,시간제 주차장,유료,야간 미개방
302,금천구 가산동 60-36,노상 주차장,시간제 주차장,유료,야간 미개방
303,금천구 가산동 60-36,노상 주차장,시간제 주차장,유료,야간 미개방
304,금천구 가산동 60-36,노상 주차장,시간제 주차장,유료,야간 미개방
305,금천구 가산동 60-36,노상 주차장,시간제 주차장,유료,야간 미개방
306,금천구 가산동 60-36,노상 주차장,시간제 주차장,유료,야간 미개방
307,금천구 가산동 60-36,노상 주차장,시간제 주차장,유료,야간 미개방
308,금천구 가산동 60-36,노상 주차장,시간제 주차장,유료,야간 미개방
309,금천구 가산동 60-36,노상 주차장,시간제 주차장,유료,야간 미개방
310,금천구 가산동 60-36,노상 주차장,시간제 주차장,유료,야간 미개방
311,금천구 가산동 60-36,노상 주차장,시간제 주차장,유료,야간 미개방
312,금천구 가산동 60-36,노상 주차장,시간제 주차장,유료,야간 미개방
313,금천구 가산동 60-36,노상 주차장,시간제 주차장,유료,야간 미개방
314,금천구 가산동 60-36,노상 주차장,시간제 주차장,유료,야간 미개방
315,금천구 가산동 60-36,노상 주차장,시간제 주차장,유료,야간 미개방
316,금천구 가산동 60-36,노상 주차장,시간제 주차장,유료,야간 미개방
317,금천구 가산동 60-36,노상 주차장,시간제 주차장,유료,야간 미개방
318,금천구 가산동 60-36,노상 주차장,시간제 주차장,유료,야간 미개방
319,금천구 가산동 60-36,노상 주차장,시간제 주차장,유료,야간 미개방
320,금천구 가산동 60-36,노상 주차장,시간제 주차장,유료,야간 미개방
321,금천구 가산동 60-36,노상 주차장,시간제 주차장,유료,야간 미개방
322,금천구 가산동 60-36,노상 주차장,시간제 주차장,유료,야간 미개방
323,금천구 가산동 60-36,노상 주차장,시간제 주차장,유료,야간 미개방
324,금천구 가산동 60-36,노상 주차장,시간제 주차장,유료,야간 미개방
325,금천구 가산동 60-36,노상 주차장,시간제 주차장,유료,야간 미개방
326,금천구 가산동 60-36,노상 주차장,시간제 주차장,유료,야간 미개방
327,금천구 가산동 60-36,노상 주차장,시간제 주차장,유료,야간 미개방
328,금천구 가산동 60-36,노상 주차장,시간제 주차장,유료,야간 미개방
329,금천구 가산동 60-19,노상 주차장,시간제 주차장,유료,야간 미개방
330,금천구 가산동 60-19,노상 주차장,시간제 주차장,유료,야간 미개방
331,금천구 가산동 60-19,노상 주차장,시간제 주차장,유료,야간 미개방
332,금천구 가산동 60-19,노상 주차장,시간제 주차장,유료,야간 미개방
333,금천구 가산동 60-19,노상 주차장,시간제 주차장,유료,야간 미개방
334,금천구 가산동 60-19,노상 주차장,시간제 주차장,유료,야간 미개방
335,금천구 가산동 60-19,노상 주차장,시간제 주차장,유료,야간 미개방
336,금천구 가산동 60-19,노상 주차장,시간제 주차장,유료,야간 미개방
337,금천구 가산동 60-19,노상 주차장,시간제 주차장,유료,야간 미개방
338,금천구 가산동 60-19,노상 주차장,시간제 주차장,유료,야간 미개방
339,금천구 가산동 60-19,노상 주차장,시간제 주차장,유료,야간 미개방
340,금천구 가산동 60-19,노상 주차장,시간제 주차장,유료,야간 미개방
341,금천구 가산동 60-19,노상 주차장,시간제 주차장,유료,야간 미개방
342,금천구 가산동 60-19,노상 주차장,시간제 주차장,유료,야간 미개방
343,금천구 가산동 60-19,노상 주차장,시간제 주차장,유료,야간 미개방
344,금천구 가산동 60-19,노상 주차장,시간제 주차장,유료,야간 미개방
345,금천구 가산동 60-19,노상 주차장,시간제 주차장,유료,야간 미개방
346,금천구 가산동 60-19,노상 주차장,시간제 주차장,유료,야간 미개방
347,금천구 가산동 60-19,노상 주차장,시간제 주차장,유료,야간 미개방
348,금천구 가산동 60-19,노상 주차장,시간제 주차장,유료,야간 미개방
349,금천구 가산동 60-19,노상 주차장,시간제 주차장,유료,야간 미개방
350,금천구 가산동 60-19,노상 주차장,시간제 주차장,유료,야간 미개방
351,금천구 가산동 60-19,노상 주차장,시간제 주차장,유료,야간 미개방
352,금천구 가산동 60-19,노상 주차장,시간제 주차장,유료,야간 미개방
353,금천구 가산동 60-19,노상 주차장,시간제 주차장,유료,야간 미개방
354,금천구 가산동 60-19,노상 주차장,시간제 주차장,유료,야간 미개방
355,금천구 가산동 60-19,노상 주차장,시간제 주차장,유료,야간 미개방
356,금천구 가산동 60-19,노상 주차장,시간제 주차장,유료,야간 미개방
357,금천구 가산동 60-19,노상 주차장,시간제 주차장,유료,야간 미개방
358,금천구 가산동 60-19,노상 주차장,시간제 주차장,유료,야간 미개방
359,금천구 가산동 60-19,노상 주차장,시간제 주차장,유료,야간 미개방
360,금천구 가산동 60-19,노상 주차장,시간제 주차장,유료,야간 미개방
361,금천구 가산동 60-19,노상 주차장,시간제 주차장,유료,야간 미개방
362,금천구 가산동 60-19,노상 주차장,시간제 주차장,유료,야간 미개방
363,금천구 가산동 60-19,노상 주차장,시간제 주차장,유료,야간 미개방
364,금천구 가산동 60-19,노상 주차장,시간제 주차장,유료,야간 미개방
365,금천구 가산동 60-19,노상 주차장,시간제 주차장,유료,야간 미개방
366,성동구 마장동 494-0,노상 주차장,시간제 주차장,유료,야간 미개방
367,성동구 마장동 494-0,노상 주차장,시간제 주차장,유료,야간 미개방
368,성동구 마장동 494-0,노상 주차장,시간제 주차장,유료,야간 미개방
369,성동구 마장동 494-0,노상 주차장,시간제 주차장,유료,야간 미개방
370,성동구 마장동 494-0,노상 주차장,시간제 주차장,유료,야간 미개방
371,성동구 마장동 494-0,노상 주차장,시간제 주차장,유료,야간 미개방
372,성동구 마장동 494-0,노상 주차장,시간제 주차장,유료,야간 미개방
373,성동구 마장동 494-0,노상 주차장,시간제 주차장,유료,야간 미개방
374,성동구 마장동 494-0,노상 주차장,시간제 주차장,유료,야간 미개방
375,성동구 마장동 494-0,노상 주차장,시간제 주차장,유료,야간 미개방
376,성동구 마장동 494-0,노상 주차장,시간제 주차장,유료,야간 미개방
377,성동구 마장동 494-0,노상 주차장,시간제 주차장,유료,야간 미개방
378,성동구 성수동2가 277-43,노상 주차장,시간제 주차장,유료,야간 미개방
379,성동구 성수동2가 277-43,노상 주차장,시간제 주차장,유료,야간 미개방
380,성동구 성수동2가 277-43,노상 주차장,시간제 주차장,유료,야간 미개방
381,성동구 성수동2가 277-43,노상 주차장,시간제 주차장,유료,야간 미개방
382,성동구 성수동2가 277-43,노상 주차장,시간제 주차장,유료,야간 미개방
383,성동구 성수동2가 277-43,노상 주차장,시간제 주차장,유료,야간 미개방
384,성동구 성수동2가 277-43,노상 주차장,시간제 주차장,유료,야간 미개방
385,성동구 성수동2가 277-43,노상 주차장,시간제 주차장,유료,야간 미개방
386,성동구 성수동2가 277-43,노상 주차장,시간제 주차장,유료,야간 미개방
387,성동구 성수동2가 277-43,노상 주차장,시간제 주차장,유료,야간 미개방
388,성동구 성수동2가 277-43,노상 주차장,시간제 주차장,유료,야간 미개방
389,성동구 성수동2가 277-43,노상 주차장,시간제 주차장,유료,야간 미개방
390,성동구 성수동2가 277-43,노상 주차장,시간제 주차장,유료,야간 미개방
391,성동구 성수동2가 277-43,노상 주차장,시간제 주차장,유료,야간 미개방
392,성동구 성수동2가 277-43,노상 주차장,시간제 주차장,유료,야간 미개방
393,성동구 성수동2가 277-43,노상 주차장,시간제 주차장,유료,야간 미개방
394,성동구 성수동2가 277-43,노상 주차장,시간제 주차장,유료,야간 미개방
395,성동구 성수동2가 277-43,노상 주차장,시간제 주차장,유료,야간 미개방
396,성동구 성수동2가 277-43,노상 주차장,시간제 주차장,유료,야간 미개방
397,성동구 성수동2가 277-43,노상 주차장,시간제 주차장,유료,야간 미개방
398,성동구 성수동2가 277-43,노상 주차장,시간제 주차장,유료,야간 미개방
399,성동구 성수동2가 277-43,노상 주차장,시간제 주차장,유료,야간 미개방
400,성동구 성수동2가 277-43,노상 주차장,시간제 주차장,유료,야간 미개방
401,성동구 성수동2가 277-43,노상 주차장,시간제 주차장,유료,야간 미개방
402,성동구 성수동2가 277-43,노상 주차장,시간제 주차장,유료,야간 미개방
403,성동구 성수동2가 277-43,노상 주차장,시간제 주차장,유료,야간 미개방
404,성동구 성수동2가 277-43,노상 주차장,시간제 주차장,유료,야간 미개방
405,성동구 성수동2가 277-43,노상 주차장,시간제 주차장,유료,야간 미개방
406,성동구 성수동2가 277-43,노상 주차장,시간제 주차장,유료,야간 미개방
407,성동구 성수동2가 277-43,노상 주차장,시간제 주차장,유료,야간 미개방
408,성동구 성수동2가 277-43,노상 주차장,시간제 주차장,유료,야간 미개방
409,성동구 성수동2가 277-43,노상 주차장,시간제 주차장,유료,야간 미개방
410,성동구 성수동2가 277-43,노상 주차장,시간제 주차장,유료,야간 미개방
411,성동구 성수동2가 277-43,노상 주차장,시간제 주차장,유료,야간 미개방
412,성동구 성수동2가 277-43,노상 주차장,시간제 주차장,유료,야간 미개방
413,성동구 성수동2가 277-43,노상 주차장,시간제 주차장,유료,야간 미개방
414,성동구 성수동2가 277-43,노상 주차장,시간제 주차장,유료,야간 미개방
415,성동구 성수동2가 277-43,노상 주차장,시간제 주차장,유료,야간 미개방
416,성동구 성수동2가 277-43,노상 주차장,시간제 주차장,유료,야간 미개방
417,성동구 성수동2가 277-43,노상 주차장,시간제 주차장,유료,야간 미개방
418,성동구 성수동2가 277-43,노상 주차장,시간제 주차장,유료,야간 미개방
419,성동구 성수동2가 277-43,노상 주차장,시간제 주차장,유료,야간 미개방
420,성동구 성수동2가 277-43,노상 주차장,시간제 주차장,유료,야간 미개방
421,성동구 성수동2가 277-43,노상 주차장,시간제 주차장,유료,야간 미개방
422,성동구 성수동2가 277-43,노상 주차장,시간제 주차장,유료,야간 미개방
423,성동구 성수동2가 277-43,노상 주차장,시간제 주차장,유료,야간 미개방
424,성동구 성수동2가 277-43,노상 주차장,시간제 주차장,유료,야간 미개방
425,성동구 성수동2가 277-43,노상 주차장,시간제 주차장,유료,야간 미개방
426,성동구 성수동2가 277-43,노상 주차장,시간제 주차장,유료,야간 미개방
427,성동구 성수동2가 277-43,노상 주차장,시간제 주차장,유료,야간 미개방
428,성동구 성수동2가 277-43,노상 주차장,시간제 주차장,유료,야간 미개방
429,성동구 성수동2가 277-43,노상 주차장,시간제 주차장,유료,야간 미개방
430,성동구 성수동2가 277-43,노상 주차장,시간제 주차장,유료,야간 미개방
431,성동구 성수동2가 277-43,노상 주차장,시간제 주차장,유료,야간 미개방
432,성동구 성수동2가 277-43,노상 주차장,시간제 주차장,유료,야간 미개방
433,성동구 성수동2가 277-43,노상 주차장,시간제 주차장,유료,야간 미개방
434,성동구 성수동2가 277-43,노상 주차장,시간제 주차장,유료,야간 미개방
435,성동구 성수동2가 277-43,노상 주차장,시간제 주차장,유료,야간 미개방
436,성동구 성수동2가 277-43,노상 주차장,시간제 주차장,유료,야간 미개방
437,성동구 성수동2가 277-43,노상 주차장,시간제 주차장,유료,야간 미개방
438,성동구 성수동2가 277-43,노상 주차장,시간제 주차장,유료,야간 미개방
439,성동구 성수동2가 277-43,노상 주차장,시간제 주차장,유료,야간 미개방
440,성동구 성수동2가 277-43,노상 주차장,시간제 주차장,유료,야간 미개방
441,성동구 성수동2가 277-43,노상 주차장,시간제 주차장,유료,야간 미개방
442,성동구 성수동2가 277-43,노상 주차장,시간제 주차장,유료,야간 미개방
443,성동구 성수동2가 277-43,노상 주차장,시간제 주차장,유료,야간 미개방
444,성동구 성수동2가 277-43,노상 주차장,시간제 주차장,유료,야간 미개방
445,성동구 성수동2가 277-43,노상 주차장,시간제 주차장,유료,야간 미개방
446,성동구 성수동2가 277-43,노상 주차장,시간제 주차장,유료,야간 미개방
447,성동구 성수동2가 277-43,노상 주차장,시간제 주차장,유료,야간 미개방
448,성동구 성수동2가 277-43,노상 주차장,시간제 주차장,유료,야간 미개방
449,성동구 성수동2가 277-43,노상 주차장,시간제 주차장,유료,야간 미개방
450,성동구 성수동2가 277-43,노상 주차장,시간제 주차장,유료,야간 미개방
451,성동구 성수동2가 277-43,노상 주차장,시간제 주차장,유료,야간 미개방
452,성동구 성수동2가 277-43,노상 주차장,시간제 주차장,유료,야간 미개방
453,성동구 성수동2가 277-43,노상 주차장,시간제 주차장,유료,야간 미개방
454,성동구 성수동2가 277-43,노상 주차장,시간제 주차장,유료,야간 미개방
455,성동구 성수동2가 277-43,노상 주차장,시간제 주차장,유료,야간 미개방
456,성동구 성수동2가 277-43,노상 주차장,시간제 주차장,유료,야간 미개방
457,성동구 성수동2가 277-43,노상 주차장,시간제 주차장,유료,야간 미개방
458,성동구 성수동2가 277-43,노상 주차장,시간제 주차장,유료,야간 미개방
459,성동구 성수동2가 277-43,노상 주차장,시간제 주차장,유료,야간 미개방
460,성동구 성수동2가 277-43,노상 주차장,시간제 주차장,유료,야간 미개방
461,성동구 성수동2가 277-43,노상 주차장,시간제 주차장,유료,야간 미개방
462,성동구 성수동2가 277-43,노상 주차장,시간제 주차장,유료,야간 미개방
463,성동구 성수동2가 277-43,노상 주차장,시간제 주차장,유료,야간 미개방
464,성동구 성수동2가 277-43,노상 주차장,시간제 주차장,유료,야간 미개방
465,성동구 성수동2가 277-43,노상 주차장,시간제 주차장,유료,야간 미개방
466,성동구 성수동2가 277-43,노상 주차장,시간제 주차장,유료,야간 미개방
467,성동구 성수동2가 277-43,노상 주차장,시간제 주차장,유료,야간 미개방
468,성동구 성수동2가 277-43,노상 주차장,시간제 주차장,유료,야간 미개방
469,성동구 성수동2가 277-43,노상 주차장,시간제 주차장,유료,야간 미개방
470,성동구 성수동2가 277-43,노상 주차장,시간제 주차장,유료,야간 미개방
471,성동구 성수동2가 277-43,노상 주차장,시간제 주차장,유료,야간 미개방
472,성동구 성수동2가 277-43,노상 주차장,시간제 주차장,유료,야간 미개방
473,성동구 성수동2가 277-43,노상 주차장,시간제 주차장,유료,야간 미개방
474,성동구 성수동2가 277-43,노상 주차장,시간제 주차장,유료,야간 미개방
475,성동구 성수동2가 277-43,노상 주차장,시간제 주차장,유료,야간 미개방
476,성동구 성수동2가 277-43,노상 주차장,시간제 주차장,유료,야간 미개방
477,성동구 성수동2가 277-43,노상 주차장,시간제 주차장,유료,야간 미개방
478,성동구 성수동2가 277-43,노상 주차장,시간제 주차장,유료,야간 미개방
479,성동구 성수동2가 277-43,노상 주차장,시간제 주차장,유료,야간 미개방
480,성동구 성수동2가 277-43,노상 주차장,시간제 주차장,유료,야간 미개방
481,성동구 성수동2가 277-43,노상 주차장,시간제 주차장,유료,야간 미개방
482,성동구 성수동2가 277-43,노상 주차장,시간제 주차장,유료,야간 미개방
483,성동구 성수동2가 277-43,노상 주차장,시간제 주차장,유료,야간 미개방
484,성동구 성수동2가 277-43,노상 주차장,시간제 주차장,유료,야간 미개방
485,성동구 성수동2가 277-43,노상 주차장,시간제 주차장,유료,야간 미개방
486,성동구 성수동2가 277-43,노상 주차장,시간제 주차장,유료,야간 미개방
487,성동구 성수동2가 277-43,노상 주차장,시간제 주차장,유료,야간 미개방
488,성동구 성수동2가 277-43,노상 주차장,시간제 주차장,유료,야간 미개방
489,성동구 성수동2가 277-43,노상 주차장,시간제 주차장,유료,야간 미개방
490,성동구 성수동2가 277-43,노상 주차장,시간제 주차장,유료,야간 미개방
491,성동구 성수동2가 277-43,노상 주차장,시간제 주차장,유료,야간 미개방
492,성동구 성수동2가 277-43,노상 주차장,시간제 주차장,유료,야간 미개방
493,성동구 성수동2가 277-43,노상 주차장,시간제 주차장,유료,야간 미개방
494,성동구 성수동2가 277-43,노상 주차장,시간제 주차장,유료,야간 미개방
495,성동구 성수동2가 277-43,노상 주차장,시간제 주차장,유료,야간 미개방
496,성동구 성수동2가 277-43,노상 주차장,시간제 주차장,유료,야간 미개방
497,성동구 성수동2가 277-43,노상 주차장,시간제 주차장,유료,야간 미개방
498,성동구 성수동2가 277-43,노상 주차장,시간제 주차장,유료,야간 미개방
499,성동구 성수동2가 277-43,노상 주차장,시간제 주차장,유료,야간 미개방
500,성동구 성수동2가 277-43,노상 주차장,시간제 주차장,유료,야간 미개방
501,성동구 성수동2가 277-43,노상 주차장,시간제 주차장,유료,야간 미개방
502,성동구 성수동2가 277-43,노상 주차장,시간제 주차장,유료,야간 미개방
503,성동구 성수동2가 277-43,노상 주차장,시간제 주차장,유료,야간 미개방
504,성동구 성수동2가 277-43,노상 주차장,시간제 주차장,유료,야간 미개방
505,성동구 성수동2가 277-43,노상 주차장,시간제 주차장,유료,야간 미개방
506,성동구 성수동2가 277-43,노상 주차장,시간제 주차장,유료,야간 미개방
507,성동구 성수동2가 277-43,노상 주차장,시간제 주차장,유료,야간 미개방
508,성동구 성수동2가 277-43,노상 주차장,시간제 주차장,유료,야간 미개방
509,성동구 성수동2가 277-43,노상 주차장,시간제 주차장,유료,야간 미개방
510,성동구 성수동2가 277-43,노상 주차장,시간제 주차장,유료,야간 미개방
511,성동구 성수동2가 277-43,노상 주차장,시간제 주차장,유료,야간 미개방
512,성동구 성수동2가 277-43,노상 주차장,시간제 주차장,유료,야간 미개방
513,성동구 성수동2가 277-43,노상 주차장,시간제 주차장,유료,야간 미개방
514,성동구 성수동2가 277-43,노상 주차장,시간제 주차장,유료,야간 미개방
515,성동구 성수동2가 277-43,노상 주차장,시간제 주차장,유료,야간 미개방
516,성동구 성수동2가 277-43,노상 주차장,시간제 주차장,유료,야간 미개방
517,성동구 성수동2가 277-43,노상 주차장,시간제 주차장,유료,야간 미개방
518,성동구 성수동2가 277-43,노상 주차장,시간제 주차장,유료,야간 미개방
519,성동구 성수동2가 277-43,노상 주차장,시간제 주차장,유료,야간 미개방
520,성동구 성수동2가 277-43,노상 주차장,시간제 주차장,유료,야간 미개방
521,성동구 성수동2가 277-43,노상 주차장,시간제 주차장,유료,야간 미개방
522,성동구 성수동2가 277-43,노상 주차장,시간제 주차장,유료,야간 미개방
523,성동구 성수동2가 277-43,노상 주차장,시간제 주차장,유료,야간 미개방
524,성동구 성수동2가 277-43,노상 주차장,시간제 주차장,유료,야간 미개방
525,성동구 성수동2가 277-43,노상 주차장,시간제 주차장,유료,야간 미개방
526,성동구 성수동2가 277-43,노상 주차장,시간제 주차장,유료,야간 미개방
527,성동구 성수동2가 277-43,노상 주차장,시간제 주차장,유료,야간 미개방
528,성동구 성수동2가 277-43,노상 주차장,시간제 주차장,유료,야간 미개방
529,성동구 성수동2가 277-43,노상 주차장,시간제 주차장,유료,야간 미개방
530,성동구 성수동2가 277-43,노상 주차장,시간제 주차장,유료,야간 미개방
531,성동구 성수동2가 277-43,노상 주차장,시간제 주차장,유료,야간 미개방
532,성동구 성수동2가 277-43,노상 주차장,시간제 주차장,유료,야간 미개방
533,성동구 성수동2가 277-43,노상 주차장,시간제 주차장,유료,야간 미개방
534,성동구 성수동2가 277-43,노상 주차장,시간제 주차장,유료,야간 미개방
535,성동구 성수동2가 277-43,노상 주차장,시간제 주차장,유료,야간 미개방
536,성동구 성수동2가 277-43,노상 주차장,시간제 주차장,유료,야간 미개방
537,성동구 성수동2가 277-43,노상 주차장,시간제 주차장,유료,야간 미개방
538,성동구 성수동2가 277-43,노상 주차장,시간제 주차장,유료,야간 미개방
539,성동구 성수동2가 277-43,노상 주차장,시간제 주차장,유료,야간 미개방
540,성동구 성수동2가 277-43,노상 주차장,시간제 주차장,유료,야간 미개방
541,영등포구 여의도동 4-5,노상 주차장,시간제 주차장,유료,야간 미개방
542,영등포구 여의도동 4-5,노상 주차장,시간제 주차장,유료,야간 미개방
543,영등포구 여의도동 4-5,노상 주차장,시간제 주차장,유료,야간 미개방
544,영등포구 여의도동 4-5,노상 주차장,시간제 주차장,유료,야간 미개방
545,영등포구 여의도동 4-5,노상 주차장,시간제 주차장,유료,야간 미개방
546,영등포구 여의도동 4-5,노상 주차장,시간제 주차장,유료,야간 미개방
547,영등포구 여의도동 4-5,노상 주차장,시간제 주차장,유료,야간 미개방
548,영등포구 여의도동 4-5,노상 주차장,시간제 주차장,유료,야간 미개방
549,영등포구 여의도동 4-5,노상 주차장,시간제 주차장,유료,야간 미개방
550,영등포구 여의도동 4-5,노상 주차장,시간제 주차장,유료,야간 미개방
551,영등포구 여의도동 4-5,노상 주차장,시간제 주차장,유료,야간 미개방
552,영등포구 여의도동 4-5,노상 주차장,시간제 주차장,유료,야간 미개방
553,영등포구 여의도동 4-5,노상 주차장,시간제 주차장,유료,야간 미개방
554,영등포구 여의도동 4-5,노상 주차장,시간제 주차장,유료,야간 미개방
555,영등포구 여의도동 4-5,노상 주차장,시간제 주차장,유료,야간 미개방
556,영등포구 여의도동 4-5,노상 주차장,시간제 주차장,유료,야간 미개방
557,영등포구 여의도동 4-5,노상 주차장,시간제 주차장,유료,야간 미개방
558,영등포구 여의도동 4-5,노상 주차장,시간제 주차장,유료,야간 미개방
559,영등포구 여의도동 4-5,노상 주차장,시간제 주차장,유료,야간 미개방
560,영등포구 여의도동 4-5,노상 주차장,시간제 주차장,유료,야간 미개방
561,영등포구 여의도동 4-5,노상 주차장,시간제 주차장,유료,야간 미개방
562,영등포구 여의도동 4-5,노상 주차장,시간제 주차장,유료,야간 미개방
563,영등포구 여의도동 4-5,노상 주차장,시간제 주차장,유료,야간 미개방
564,영등포구 여의도동 4-5,노상 주차장,시간제 주차장,유료,야간 미개방
565,영등포구 여의도동 3-1,노상 주차장,시간제 주차장,유료,야간 미개방
566,영등포구 여의도동 3-1,노상 주차장,시간제 주차장,유료,야간 미개방
567,영등포구 여의도동 3-1,노상 주차장,시간제 주차장,유료,야간 미개방
568,영등포구 여의도동 3-1,노상 주차장,시간제 주차장,유료,야간 미개방
569,영등포구 여의도동 3-1,노상 주차장,시간제 주차장,유료,야간 미개방
570,영등포구 여의도동 3-1,노상 주차장,시간제 주차장,유료,야간 미개방
571,영등포구 여의도동 3-1,노상 주차장,시간제 주차장,유료,야간 미개방
572,영등포구 여의도동 3-1,노상 주차장,시간제 주차장,유료,야간 미개방
573,영등포구 여의도동 3-1,노상 주차장,시간제 주차장,유료,야간 미개방
574,영등포구 여의도동 3-1,노상 주차장,시간제 주차장,유료,야간 미개방
575,영등포구 여의도동 3-1,노상 주차장,시간제 주차장,유료,야간 미개방
576,영등포구 여의도동 3-1,노상 주차장,시간제 주차장,유료,야간 미개방
577,영등포구 여의도동 3-1,노상 주차장,시간제 주차장,유료,야간 미개방
578,영등포구 여의도동 3-1,노상 주차장,시간제 주차장,유료,야간 미개방
579,영등포구 여의도동 3-1,노상 주차장,시간제 주차장,유료,야간 미개방
580,영등포구 여의도동 3-1,노상 주차장,시간제 주차장,유료,야간 미개방
581,영등포구 여의도동 3-1,노상 주차장,시간제 주차장,유료,야간 미개방
582,영등포구 여의도동 3-1,노상 주차장,시간제 주차장,유료,야간 미개방
583,영등포구 여의도동 3-1,노상 주차장,시간제 주차장,유료,야간 미개방
584,영등포구 여의도동 3-1,노상 주차장,시간제 주차장,유료,야간 미개방
585,영등포구 여의도동 3-1,노상 주차장,시간제 주차장,유료,야간 미개방
586,영등포구 여의도동 3-1,노상 주차장,시간제 주차장,유료,야간 미개방
587,영등포구 여의도동 3-1,노상 주차장,시간제 주차장,유료,야간 미개방
588,영등포구 여의도동 3-1,노상 주차장,시간제 주차장,유료,야간 미개방
589,영등포구 여의도동 3-1,노상 주차장,시간제 주차장,유료,야간 미개방
590,영등포구 여의도동 3-1,노상 주차장,시간제 주차장,유료,야간 미개방
591,영등포구 여의도동 3-1,노상 주차장,시간제 주차장,유료,야간 미개방
592,영등포구 여의도동 3-1,노상 주차장,시간제 주차장,유료,야간 미개방
593,영등포구 여의도동 3-1,노상 주차장,시간제 주차장,유료,야간 미개방
594,영등포구 여의도동 3-1,노상 주차장,시간제 주차장,유료,야간 미개방
595,영등포구 여의도동 3-1,노상 주차장,시간제 주차장,유료,야간 미개방
596,영등포구 여의도동 3-1,노상 주차장,시간제 주차장,유료,야간 미개방
597,영등포구 여의도동 3-1,노상 주차장,시간제 주차장,유료,야간 미개방
598,영등포구 여의도동 3-1,노상 주차장,시간제 주차장,유료,야간 미개방
599,영등포구 여의도동 3-1,노상 주차장,시간제 주차장,유료,야간 미개방
600,영등포구 여의도동 3-1,노상 주차장,시간제 주차장,유료,야간 미개방
601,영등포구 여의도동 3-1,노상 주차장,시간제 주차장,유료,야간 미개방
602,영등포구 여의도동 3-1,노상 주차장,시간제 주차장,유료,야간 미개방
603,영등포구 여의도동 3-1,노상 주차장,시간제 주차장,유료,야간 미개방
604,영등포구 여의도동 3-1,노상 주차장,시간제 주차장,유료,야간 미개방
605,영등포구 여의도동 3-1,노상 주차장,시간제 주차장,유료,야간 미개방
606,영등포구 여의도동 3-1,노상 주차장,시간제 주차장,유료,야간 미개방
607,영등포구 여의도동 3-1,노상 주차장,시간제 주차장,유료,야간 미개방
608,영등포구 여의도동 3-1,노상 주차장,시간제 주차장,유료,야간 미개방
609,영등포구 여의도동 3-1,노상 주차장,시간제 주차장,유료,야간 미개방
610,영등포구 여의도동 3-1,노상 주차장,시간제 주차장,유료,야간 미개방
611,영등포구 여의도동 3-1,노상 주차장,시간제 주차장,유료,야간 미개방
612,영등포구 여의도동 3-1,노상 주차장,시간제 주차장,유료,야간 미개방
613,영등포구 여의도동 3-1,노상 주차장,시간제 주차장,유료,야간 미개방
614,영등포구 여의도동 3-1,노상 주차장,시간제 주차장,유료,야간 미개방
615,영등포구 여의도동 3-1,노상 주차장,시간제 주차장,유료,야간 미개방
616,영등포구 여의도동 3-1,노상 주차장,시간제 주차장,유료,야간 미개방
617,영등포구 여의도동 3-1,노상 주차장,시간제 주차장,유료,야간 미개방
618,영등포구 여의도동 3-1,노상 주차장,시간제 주차장,유료,야간 미개방
619,영등포구 여의도동 3-1,노상 주차장,시간제 주차장,유료,야간 미개방
620,영등포구 여의도동 3-1,노상 주차장,시간제 주차장,유료,야간 미개방
621,영등포구 여의도동 3-1,노상 주차장,시간제 주차장,유료,야간 미개방
622,영등포구 여의도동 3-1,노상 주차장,시간제 주차장,유료,야간 미개방
623,영등포구 여의도동 3-1,노상 주차장,시간제 주차장,유료,야간 미개방
624,영등포구 여의도동 3-1,노상 주차장,시간제 주차장,유료,야간 미개방
625,영등포구 여의도동 3-1,노상 주차장,시간제 주차장,유료,야간 미개방
626,영등포구 여의도동 3-1,노상 주차장,시간제 주차장,유료,야간 미개방
627,영등포구 여의도동 3-1,노상 주차장,시간제 주차장,유료,야간 미개방
628,영등포구 여의도동 1-7,노상 주차장,시간제 주차장,유료,야간 미개방
629,영등포구 여의도동 1-7,노상 주차장,시간제 주차장,유료,야간 미개방
630,영등포구 여의도동 1-7,노상 주차장,시간제 주차장,유료,야간 미개방
631,영등포구 여의도동 1-7,노상 주차장,시간제 주차장,유료,야간 미개방
632,영등포구 여의도동 1-7,노상 주차장,시간제 주차장,유료,야간 미개방
633,영등포구 여의도동 1-7,노상 주차장,시간제 주차장,유료,야간 미개방
634,영등포구 여의도동 1-7,노상 주차장,시간제 주차장,유료,야간 미개방
635,영등포구 여의도동 1-7,노상 주차장,시간제 주차장,유료,야간 미개방
636,영등포구 여의도동 1-7,노상 주차장,시간제 주차장,유료,야간 미개방
637,영등포구 여의도동 1-7,노상 주차장,시간제 주차장,유료,야간 미개방
638,영등포구 여의도동 1-7,노상 주차장,시간제 주차장,유료,야간 미개방
639,영등포구 여의도동 1-7,노상 주차장,시간제 주차장,유료,야간 미개방
640,영등포구 여의도동 1-7,노상 주차장,시간제 주차장,유료,야간 미개방
641,영등포구 여의도동 1-7,노상 주차장,시간제 주차장,유료,야간 미개방
642,영등포구 여의도동 1-7,노상 주차장,시간제 주차장,유료,야간 미개방
643,영등포구 여의도동 1-7,노상 주차장,시간제 주차장,유료,야간 미개방
644,영등포구 여의도동 1-7,노상 주차장,시간제 주차장,유료,야간 미개방
645,영등포구 여의도동 1-7,노상 주차장,시간제 주차장,유료,야간 미개방
646,영등포구 여의도동 1-7,노상 주차장,시간제 주차장,유료,야간 미개방
647,영등포구 여의도동 1-7,노상 주차장,시간제 주차장,유료,야간 미개방
648,영등포구 여의도동 1-7,노상 주차장,시간제 주차장,유료,야간 미개방
649,영등포구 여의도동 1-7,노상 주차장,시간제 주차장,유료,야간 미개방
650,영등포구 여의도동 1-7,노상 주차장,시간제 주차장,유료,야간 미개방
651,영등포구 여의도동 1-7,노상 주차장,시간제 주차장,유료,야간 미개방
652,영등포구 여의도동 1-7,노상 주차장,시간제 주차장,유료,야간 미개방
653,영등포구 여의도동 1-7,노상 주차장,시간제 주차장,유료,야간 미개방
654,영등포구 여의도동 1-7,노상 주차장,시간제 주차장,유료,야간 미개방
655,영등포구 여의도동 1-7,노상 주차장,시간제 주차장,유료,야간 미개방
656,영등포구 여의도동 1-7,노상 주차장,시간제 주차장,유료,야간 미개방
657,영등포구 여의도동 1-7,노상 주차장,시간제 주차장,유료,야간 미개방
658,영등포구 여의도동 1-7,노상 주차장,시간제 주차장,유료,야간 미개방
659,영등포구 여의도동 1-7,노상 주차장,시간제 주차장,유료,야간 미개방
660,영등포구 여의도동 1-7,노상 주차장,시간제 주차장,유료,야간 미개방
661,영등포구 여의도동 1-7,노상 주차장,시간제 주차장,유료,야간 미개방
662,영등포구 여의도동 1-7,노상 주차장,시간제 주차장,유료,야간 미개방
663,영등포구 여의도동 1-7,노상 주차장,시간제 주차장,유료,야간 미개방
664,영등포구 여의도동 1-7,노상 주차장,시간제 주차장,유료,야간 미개방
665,영등포구 여의도동 1-7,노상 주차장,시간제 주차장,유료,야간 미개방
666,영등포구 여의도동 1-7,노상 주차장,시간제 주차장,유료,야간 미개방
667,영등포구 여의도동 1-7,노상 주차장,시간제 주차장,유료,야간 미개방
668,영등포구 여의도동 1-7,노상 주차장,시간제 주차장,유료,야간 미개방
669,영등포구 여의도동 1-7,노상 주차장,시간제 주차장,유료,야간 미개방
670,영등포구 여의도동 1-7,노상 주차장,시간제 주차장,유료,야간 미개방
671,영등포구 여의도동 1-7,노상 주차장,시간제 주차장,유료,야간 미개방
672,영등포구 여의도동 1-7,노상 주차장,시간제 주차장,유료,야간 미개방
673,영등포구 여의도동 1-7,노상 주차장,시간제 주차장,유료,야간 미개방
674,영등포구 여의도동 1-7,노상 주차장,시간제 주차장,유료,야간 미개방
675,영등포구 여의도동 1-7,노상 주차장,시간제 주차장,유료,야간 미개방
676,영등포구 여의도동 1-7,노상 주차장,시간제 주차장,유료,야간 미개방
677,영등포구 여의도동 1-7,노상 주차장,시간제 주차장,유료,야간 미개방
678,영등포구 여의도동 1-7,노상 주차장,시간제 주차장,유료,야간 미개방
679,영등포구 여의도동 25-0,노상 주차장,시간제 주차장,유료,야간 미개방
680,영등포구 여의도동 25-0,노상 주차장,시간제 주차장,유료,야간 미개방
681,영등포구 여의도동 25-0,노상 주차장,시간제 주차장,유료,야간 미개방
682,영등포구 여의도동 25-0,노상 주차장,시간제 주차장,유료,야간 미개방
683,영등포구 여의도동 25-0,노상 주차장,시간제 주차장,유료,야간 미개방
684,영등포구 여의도동 25-0,노상 주차장,시간제 주차장,유료,야간 미개방
685,영등포구 여의도동 25-0,노상 주차장,시간제 주차장,유료,야간 미개방
686,영등포구 여의도동 25-0,노상 주차장,시간제 주차장,유료,야간 미개방
687,영등포구 여의도동 25-0,노상 주차장,시간제 주차장,유료,야간 미개방
688,영등포구 여의도동 45-1,노상 주차장,시간제 주차장,유료,야간 미개방
689,영등포구 여의도동 45-1,노상 주차장,시간제 주차장,유료,야간 미개방
690,영등포구 여의도동 45-1,노상 주차장,시간제 주차장,유료,야간 미개방
691,영등포구 여의도동 45-1,노상 주차장,시간제 주차장,유료,야간 미개방
692,영등포구 여의도동 45-1,노상 주차장,시간제 주차장,유료,야간 미개방
693,영등포구 여의도동 45-1,노상 주차장,시간제 주차장,유료,야간 미개방
694,영등포구 여의도동 45-1,노상 주차장,시간제 주차장,유료,야간 미개방
695,영등포구 여의도동 1-876,노상 주차장,시간제 주차장,유료,야간 미개방
696,영등포구 여의도동 1-876,노상 주차장,시간제 주차장,유료,야간 미개방
697,영등포구 여의도동 1-876,노상 주차장,시간제 주차장,유료,야간 미개방
698,영등포구 여의도동 1-876,노상 주차장,시간제 주차장,유료,야간 미개방
699,영등포구 여의도동 1-876,노상 주차장,시간제 주차장,유료,야간 미개방
700,영등포구 여의도동 1-876,노상 주차장,시간제 주차장,유료,야간 미개방
701,영등포구 여의도동 1-876,노상 주차장,시간제 주차장,유료,야간 미개방
702,영등포구 여의도동 1-876,노상 주차장,시간제 주차장,유료,야간 미개방
703,영등포구 여의도동 1-876,노상 주차장,시간제 주차장,유료,야간 미개방
704,영등포구 여의도동 1-876,노상 주차장,시간제 주차장,유료,야간 미개방
705,영등포구 여의도동 1-876,노상 주차장,시간제 주차장,유료,야간 미개방
706,영등포구 여의도동 1-876,노상 주차장,시간제 주차장,유료,야간 미개방
707,영등포구 여의도동 1-876,노상 주차장,시간제 주차장,유료,야간 미개방
708,영등포구 여의도동 1-876,노상 주차장,시간제 주차장,유료,야간 미개방
709,영등포구 여의도동 1-876,노상 주차장,시간제 주차장,유료,야간 미개방
710,영등포구 여의도동 1-876,노상 주차장,시간제 주차장,유료,야간 미개방
711,영등포구 여의도동 1-876,노상 주차장,시간제 주차장,유료,야간 미개방
712,영등포구 여의도동 1-876,노상 주차장,시간제 주차장,유료,야간 미개방
713,영등포구 여의도동 1-876,노상 주차장,시간제 주차장,유료,야간 미개방
714,영등포구 여의도동 1-876,노상 주차장,시간제 주차장,유료,야간 미개방
715,영등포구 여의도동 1-876,노상 주차장,시간제 주차장,유료,야간 미개방
716,영등포구 여의도동 1-876,노상 주차장,시간제 주차장,유료,야간 미개방
717,영등포구 여의도동 1-876,노상 주차장,시간제 주차장,유료,야간 미개방
718,영등포구 여의도동 1-876,노상 주차장,시간제 주차장,유료,야간 미개방
719,영등포구 여의도동 1-876,노상 주차장,시간제 주차장,유료,야간 미개방
720,영등포구 여의도동 1-876,노상 주차장,시간제 주차장,유료,야간 미개방
721,영등포구 여의도동 1-876,노상 주차장,시간제 주차장,유료,야간 미개방
722,영등포구 여의도동 1-876,노상 주차장,시간제 주차장,유료,야간 미개방
723,영등포구 여의도동 1-876,노상 주차장,시간제 주차장,유료,야간 미개방
724,영등포구 여의도동 1-876,노상 주차장,시간제 주차장,유료,야간 미개방
725,영등포구 여의도동 1-876,노상 주차장,시간제 주차장,유료,야간 미개방
726,영등포구 여의도동 1-876,노상 주차장,시간제 주차장,유료,야간 미개방
727,영등포구 여의도동 1-876,노상 주차장,시간제 주차장,유료,야간 미개방
728,영등포구 여의도동 1-876,노상 주차장,시간제 주차장,유료,야간 미개방
729,영등포구 여의도동 1-876,노상 주차장,시간제 주차장,유료,야간 미개방
730,영등포구 여의도동 1-876,노상 주차장,시간제 주차장,유료,야간 미개방
731,영등포구 여의도동 1-876,노상 주차장,시간제 주차장,유료,야간 미개방
732,영등포구 여의도동 1-876,노상 주차장,시간제 주차장,유료,야간 미개방
733,영등포구 여의도동 1-876,노상 주차장,시간제 주차장,유료,야간 미개방
734,영등포구 여의도동 1-876,노상 주차장,시간제 주차장,유료,야간 미개방
735,영등포구 여의도동 1-876,노상 주차장,시간제 주차장,유료,야간 미개방
736,영등포구 여의도동 1-876,노상 주차장,시간제 주차장,유료,야간 미개방
737,영등포구 여의도동 1-876,노상 주차장,시간제 주차장,유료,야간 미개방
738,영등포구 여의도동 1-876,노상 주차장,시간제 주차장,유료,야간 미개방
739,영등포구 여의도동 1-876,노상 주차장,시간제 주차장,유료,야간 미개방
740,영등포구 여의도동 1-876,노상 주차장,시간제 주차장,유료,야간 미개방
741,영등포구 여의도동 1-876,노상 주차장,시간제 주차장,유료,야간 미개방
742,영등포구 여의도동 1-876,노상 주차장,시간제 주차장,유료,야간 미개방
743,영등포구 여의도동 1-876,노상 주차장,시간제 주차장,유료,야간 미개방
744,영등포구 여의도동 1-876,노상 주차장,시간제 주차장,유료,야간 미개방
745,영등포구 여의도동 1-876,노상 주차장,시간제 주차장,유료,야간 미개방
746,영등포구 여의도동 1-876,노상 주차장,시간제 주차장,유료,야간 미개방
747,영등포구 여의도동 1-876,노상 주차장,시간제 주차장,유료,야간 미개방
748,영등포구 여의도동 1-876,노상 주차장,시간제 주차장,유료,야간 미개방
749,영등포구 여의도동 1-876,노상 주차장,시간제 주차장,유료,야간 미개방
750,영등포구 여의도동 1-876,노상 주차장,시간제 주차장,유료,야간 미개방
751,영등포구 여의도동 1-876,노상 주차장,시간제 주차장,유료,야간 미개방
752,영등포구 여의도동 1-876,노상 주차장,시간제 주차장,유료,야간 미개방
753,영등포구 여의도동 1-876,노상 주차장,시간제 주차장,유료,야간 미개방
754,영등포구 여의도동 4-4,노상 주차장,시간제 주차장,유료,야간 미개방
755,영등포구 여의도동 4-4,노상 주차장,시간제 주차장,유료,야간 미개방
756,영등포구 여의도동 4-4,노상 주차장,시간제 주차장,유료,야간 미개방
757,영등포구 여의도동 4-4,노상 주차장,시간제 주차장,유료,야간 미개방
758,영등포구 여의도동 4-4,노상 주차장,시간제 주차장,유료,야간 미개방
759,영등포구 여의도동 4-4,노상 주차장,시간제 주차장,유료,야간 미개방
760,영등포구 여의도동 4-4,노상 주차장,시간제 주차장,유료,야간 미개방
761,영등포구 여의도동 4-4,노상 주차장,시간제 주차장,유료,야간 미개방
762,영등포구 여의도동 4-4,노상 주차장,시간제 주차장,유료,야간 미개방
763,영등포구 여의도동 4-4,노상 주차장,시간제 주차장,유료,야간 미개방
764,영등포구 여의도동 4-4,노상 주차장,시간제 주차장,유료,야간 미개방
765,영등포구 여의도동 4-4,노상 주차장,시간제 주차장,유료,야간 미개방
766,영등포구 여의도동 4-4,노상 주차장,시간제 주차장,유료,야간 미개방
767,영등포구 여의도동 4-4,노상 주차장,시간제 주차장,유료,야간 미개방
768,영등포구 여의도동 4-4,노상 주차장,시간제 주차장,유료,야간 미개방
769,영등포구 여의도동 4-4,노상 주차장,시간제 주차장,유료,야간 미개방
770,영등포구 여의도동 4-4,노상 주차장,시간제 주차장,유료,야간 미개방
771,영등포구 여의도동 4-4,노상 주차장,시간제 주차장,유료,야간 미개방
772,영등포구 당산동3가 56-0,노상 주차장,시간제 + 거주자 주차장,유료,야간 미개방
773,영등포구 당산동3가 56-0,노상 주차장,시간제 + 거주자 주차장,유료,야간 미개방
774,영등포구 당산동3가 56-0,노상 주차장,시간제 + 거주자 주차장,유료,야간 미개방
775,영등포구 당산동3가 56-0,노상 주차장,시간제 + 거주자 주차장,유료,야간 미개방
776,영등포구 당산동3가 56-0,노상 주차장,시간제 + 거주자 주차장,유료,야간 미개방
777,영등포구 당산동3가 56-0,노상 주차장,시간제 + 거주자 주차장,유료,야간 미개방
778,영등포구 당산동3가 56-0,노상 주차장,시간제 + 거주자 주차장,유료,야간 미개방
779,영등포구 영등포동7가 56-0,노상 주차장,시간제 + 거주자 주차장,유료,야간 미개방
780,영등포구 영등포동7가 56-0,노상 주차장,시간제 + 거주자 주차장,유료,야간 미개방
781,영등포구 영등포동7가 56-0,노상 주차장,시간제 + 거주자 주차장,유료,야간 미개방
782,영등포구 영등포동7가 56-0,노상 주차장,시간제 + 거주자 주차장,유료,야간 미개방
783,영등포구 영등포동7가 56-0,노상 주차장,시간제 + 거주자 주차장,유료,야간 미개방
784,영등포구 영등포동7가 56-0,노상 주차장,시간제 + 거주자 주차장,유료,야간 미개방
785,영등포구 영등포동7가 56-0,노상 주차장,시간제 + 거주자 주차장,유료,야간 미개방
786,영등포구 영등포동7가 56-0,노상 주차장,시간제 + 거주자 주차장,유료,야간 미개방
787,영등포구 영등포동7가 56-0,노상 주차장,시간제 + 거주자 주차장,유료,야간 미개방
788,영등포구 영등포동7가 56-0,노상 주차장,시간제 + 거주자 주차장,유료,야간 미개방
789,영등포구 영등포동7가 56-0,노상 주차장,시간제 + 거주자 주차장,유료,야간 미개방
790,영등포구 영등포동7가 56-0,노상 주차장,시간제 + 거주자 주차장,유료,야간 미개방
791,영등포구 영등포동7가 56-0,노상 주차장,시간제 + 거주자 주차장,유료,야간 미개방
792,영등포구 영등포동7가 56-0,노상 주차장,시간제 + 거주자 주차장,유료,야간 미개방
793,영등포구 영등포동7가 56-0,노상 주차장,시간제 + 거주자 주차장,유료,야간 미개방
794,영등포구 영등포동7가 56-0,노상 주차장,시간제 + 거주자 주차장,유료,야간 미개방
795,영등포구 영등포동7가 56-0,노상 주차장,시간제 + 거주자 주차장,유료,야간 미개방
796,영등포구 영등포동7가 56-0,노상 주차장,시간제 + 거주자 주차장,유료,야간 미개방
797,영등포구 영등포동7가 56-0,노상 주차장,시간제 + 거주자 주차장,유료,야간 미개방
798,영등포구 여의도동 44-0,노상 주차장,시간제 주차장,유료,야간 미개방
799,영등포구 여의도동 44-0,노상 주차장,시간제 주차장,유료,야간 미개방
800,영등포구 여의도동 44-0,노상 주차장,시간제 주차장,유료,야간 미개방
801,영등포구 여의도동 44-0,노상 주차장,시간제 주차장,유료,야간 미개방
802,영등포구 여의도동 44-0,노상 주차장,시간제 주차장,유료,야간 미개방
803,영등포구 여의도동 44-0,노상 주차장,시간제 주차장,유료,야간 미개방
804,영등포구 여의도동 44-0,노상 주차장,시간제 주차장,유료,야간 미개방
805,영등포구 여의도동 44-0,노상 주차장,시간제 주차장,유료,야간 미개방
806,영등포구 여의도동 44-0,노상 주차장,시간제 주차장,유료,야간 미개방
807,영등포구 여의도동 44-0,노상 주차장,시간제 주차장,유료,야간 미개방
808,영등포구 여의도동 44-0,노상 주차장,시간제 주차장,유료,야간 미개방
809,영등포구 여의도동 44-0,노상 주차장,시간제 주차장,유료,야간 미개방
810,영등포구 여의도동 44-0,노상 주차장,시간제 주차장,유료,야간 미개방
811,영등포구 여의도동 44-0,노상 주차장,시간제 주차장,유료,야간 미개방
812,영등포구 여의도동 44-0,노상 주차장,시간제 주차장,유료,야간 미개방
813,구로구 개봉동 416-285,노상 주차장,시간제 주차장,유료,야간 미개방
814,구로구 개봉동 416-285,노상 주차장,시간제 주차장,유료,야간 미개방
815,구로구 개봉동 416-285,노상 주차장,시간제 주차장,유료,야간 미개방
816,구로구 개봉동 416-285,노상 주차장,시간제 주차장,유료,야간 미개방
817,구로구 개봉동 416-285,노상 주차장,시간제 주차장,유료,야간 미개방
818,구로구 개봉동 416-285,노상 주차장,시간제 주차장,유료,야간 미개방
819,구로구 개봉동 416-285,노상 주차장,시간제 주차장,유료,야간 미개방
820,구로구 개봉동 416-285,노상 주차장,시간제 주차장,유료,야간 미개방
821,구로구 개봉동 416-285,노상 주차장,시간제 주차장,유료,야간 미개방
822,구로구 개봉동 416-285,노상 주차장,시간제 주차장,유료,야간 미개방
823,구로구 개봉동 416-285,노상 주차장,시간제 주차장,유료,야간 미개방
824,구로구 개봉동 416-285,노상 주차장,시간제 주차장,유료,야간 미개방
825,구로구 개봉동 416-285,노상 주차장,시간제 주차장,유료,야간 미개방
826,구로구 개봉동 416-285,노상 주차장,시간제 주차장,유료,야간 미개방
827,구로구 개봉동 416-285,노상 주차장,시간제 주차장,유료,야간 미개방
828,구로구 개봉동 416-285,노상 주차장,시간제 주차장,유료,야간 미개방
829,구로구 개봉동 416-285,노상 주차장,시간제 주차장,유료,야간 미개방
830,구로구 개봉동 416-285,노상 주차장,시간제 주차장,유료,야간 미개방
831,구로구 개봉동 416-285,노상 주차장,시간제 주차장,유료,야간 미개방
832,구로구 개봉동 416-285,노상 주차장,시간제 주차장,유료,야간 미개방
833,구로구 개봉동 416-285,노상 주차장,시간제 주차장,유료,야간 미개방
834,구로구 개봉동 416-285,노상 주차장,시간제 주차장,유료,야간 미개방
835,구로구 개봉동 416-285,노상 주차장,시간제 주차장,유료,야간 미개방
836,구로구 개봉동 416-285,노상 주차장,시간제 주차장,유료,야간 미개방
837,구로구 개봉동 416-285,노상 주차장,시간제 주차장,유료,야간 미개방
838,구로구 개봉동 416-285,노상 주차장,시간제 주차장,유료,야간 미개방
839,구로구 개봉동 416-285,노상 주차장,시간제 주차장,유료,야간 미개방
840,구로구 개봉동 416-285,노상 주차장,시간제 주차장,유료,야간 미개방
841,구로구 개봉동 416-285,노상 주차장,시간제 주차장,유료,야간 미개방
842,구로구 개봉동 416-285,노상 주차장,시간제 주차장,유료,야간 미개방
843,구로구 개봉동 416-285,노상 주차장,시간제 주차장,유료,야간 미개방
844,구로구 개봉동 416-285,노상 주차장,시간제 주차장,유료,야간 미개방
845,구로구 개봉동 416-285,노상 주차장,시간제 주차장,유료,야간 미개방
846,구로구 개봉동 416-285,노상 주차장,시간제 주차장,유료,야간 미개방
847,구로구 개봉동 416-285,노상 주차장,시간제 주차장,유료,야간 미개방
848,구로구 개봉동 416-285,노상 주차장,시간제 주차장,유료,야간 미개방
849,구로구 개봉동 416-285,노상 주차장,시간제 주차장,유료,야간 미개방
850,구로구 개봉동 416-285,노상 주차장,시간제 주차장,유료,야간 미개방
851,구로구 개봉동 416-285,노상 주차장,시간제 주차장,유료,야간 미개방
852,구로구 개봉동 416-285,노상 주차장,시간제 주차장,유료,야간 미개방
853,구로구 개봉동 416-285,노상 주차장,시간제 주차장,유료,야간 미개방
854,구로구 개봉동 416-285,노상 주차장,시간제 주차장,유료,야간 미개방
855,구로구 개봉동 416-285,노상 주차장,시간제 주차장,유료,야간 미개방
856,구로구 개봉동 416-285,노상 주차장,시간제 주차장,유료,야간 미개방
857,구로구 개봉동 416-285,노상 주차장,시간제 주차장,유료,야간 미개방
858,구로구 개봉동 416-285,노상 주차장,시간제 주차장,유료,야간 미개방
859,구로구 개봉동 416-285,노상 주차장,시간제 주차장,유료,야간 미개방
860,구로구 개봉동 416-285,노상 주차장,시간제 주차장,유료,야간 미개방
861,구로구 개봉동 416-285,노상 주차장,시간제 주차장,유료,야간 미개방
862,구로구 개봉동 416-285,노상 주차장,시간제 주차장,유료,야간 미개방
863,구로구 개봉동 416-285,노상 주차장,시간제 주차장,유료,야간 미개방
864,구로구 개봉동 416-285,노상 주차장,시간제 주차장,유료,야간 미개방
865,구로구 개봉동 416-285,노상 주차장,시간제 주차장,유료,야간 미개방
866,구로구 개봉동 416-285,노상 주차장,시간제 주차장,유료,야간 미개방
867,구로구 개봉동 416-285,노상 주차장,시간제 주차장,유료,야간 미개방
868,강남구 개포동 186-7,노상 주차장,시간제 주차장,유료,야간 미개방
869,강남구 개포동 186-7,노상 주차장,시간제 주차장,유료,야간 미개방
870,강남구 개포동 186-7,노상 주차장,시간제 주차장,유료,야간 미개방
871,강남구 개포동 186-7,노상 주차장,시간제 주차장,유료,야간 미개방
872,강남구 개포동 186-7,노상 주차장,시간제 주차장,유료,야간 미개방
873,강남구 개포동 186-7,노상 주차장,시간제 주차장,유료,야간 미개방
874,강남구 개포동 186-7,노상 주차장,시간제 주차장,유료,야간 미개방
875,강남구 개포동 186-7,노상 주차장,시간제 주차장,유료,야간 미개방
876,강남구 개포동 186-7,노상 주차장,시간제 주차장,유료,야간 미개방
877,강남구 개포동 186-7,노상 주차장,시간제 주차장,유료,야간 미개방
878,강남구 개포동 186-7,노상 주차장,시간제 주차장,유료,야간 미개방
879,강남구 개포동 186-7,노상 주차장,시간제 주차장,유료,야간 미개방
880,강남구 개포동 186-7,노상 주차장,시간제 주차장,유료,야간 미개방
881,강남구 개포동 186-7,노상 주차장,시간제 주차장,유료,야간 미개방
882,강남구 개포동 186-7,노상 주차장,시간제 주차장,유료,야간 미개방
883,강남구 개포동 186-7,노상 주차장,시간제 주차장,유료,야간 미개방
884,강남구 개포동 186-7,노상 주차장,시간제 주차장,유료,야간 미개방
885,강남구 개포동 186-7,노상 주차장,시간제 주차장,유료,야간 미개방
886,강남구 개포동 186-7,노상 주차장,시간제 주차장,유료,야간 미개방
887,강남구 개포동 186-7,노상 주차장,시간제 주차장,유료,야간 미개방
888,강남구 개포동 186-7,노상 주차장,시간제 주차장,유료,야간 미개방
889,강남구 개포동 186-7,노상 주차장,시간제 주차장,유료,야간 미개방
890,강남구 개포동 186-7,노상 주차장,시간제 주차장,유료,야간 미개방
891,강남구 개포동 186-7,노상 주차장,시간제 주차장,유료,야간 미개방
892,강남구 개포동 186-7,노상 주차장,시간제 주차장,유료,야간 미개방
893,강남구 개포동 186-7,노상 주차장,시간제 주차장,유료,야간 미개방
894,강남구 개포동 186-7,노상 주차장,시간제 주차장,유료,야간 미개방
895,강남구 개포동 186-7,노상 주차장,시간제 주차장,유료,야간 미개방
896,강남구 개포동 186-7,노상 주차장,시간제 주차장,유료,야간 미개방
897,강남구 개포동 186-7,노상 주차장,시간제 주차장,유료,야간 미개방
898,강남구 개포동 186-7,노상 주차장,시간제 주차장,유료,야간 미개방
899,강남구 개포동 186-7,노상 주차장,시간제 주차장,유료,야간 미개방
900,강남구 개포동 186-7,노상 주차장,시간제 주차장,유료,야간 미개방
901,강남구 개포동 186-7,노상 주차장,시간제 주차장,유료,야간 미개방
902,강남구 개포동 186-7,노상 주차장,시간제 주차장,유료,야간 미개방
903,강남구 개포동 186-7,노상 주차장,시간제 주차장,유료,야간 미개방
904,강남구 개포동 186-7,노상 주차장,시간제 주차장,유료,야간 미개방
905,강남구 개포동 186-7,노상 주차장,시간제 주차장,유료,야간 미개방
906,강남구 개포동 186-7,노상 주차장,시간제 주차장,유료,야간 미개방
907,강남구 개포동 186-7,노상 주차장,시간제 주차장,유료,야간 미개방
908,강남구 개포동 186-7,노상 주차장,시간제 주차장,유료,야간 미개방
909,강남구 개포동 186-7,노상 주차장,시간제 주차장,유료,야간 미개방
910,강남구 개포동 186-7,노상 주차장,시간제 주차장,유료,야간 미개방
911,강남구 개포동 186-7,노상 주차장,시간제 주차장,유료,야간 미개방
912,강남구 개포동 186-7,노상 주차장,시간제 주차장,유료,야간 미개방
913,강남구 개포동 186-7,노상 주차장,시간제 주차장,유료,야간 미개방
914,강남구 개포동 186-7,노상 주차장,시간제 주차장,유료,야간 미개방
915,강남구 개포동 186-7,노상 주차장,시간제 주차장,유료,야간 미개방
916,강남구 개포동 186-7,노상 주차장,시간제 주차장,유료,야간 미개방
917,강남구 개포동 186-7,노상 주차장,시간제 주차장,유료,야간 미개방
918,강남구 개포동 186-7,노상 주차장,시간제 주차장,유료,야간 미개방
919,강남구 개포동 186-7,노상 주차장,시간제 주차장,유료,야간 미개방
920,강남구 개포동 186-7,노상 주차장,시간제 주차장,유료,야간 미개방
921,강남구 개포동 186-7,노상 주차장,시간제 주차장,유료,야간 미개방
922,강남구 개포동 186-7,노상 주차장,시간제 주차장,유료,야간 미개방
923,강남구 개포동 186-7,노상 주차장,시간제 주차장,유료,야간 미개방
924,강남구 개포동 186-7,노상 주차장,시간제 주차장,유료,야간 미개방
925,강남구 개포동 186-7,노상 주차장,시간제 주차장,유료,야간 미개방
926,강남구 개포동 186-7,노상 주차장,시간제 주차장,유료,야간 미개방
927,강남구 개포동 186-7,노상 주차장,시간제 주차장,유료,야간 미개방
928,강남구 개포동 186-7,노상 주차장,시간제 주차장,유료,야간 미개방
929,강남구 개포동 186-7,노상 주차장,시간제 주차장,유료,야간 미개방
930,강남구 개포동 186-7,노상 주차장,시간제 주차장,유료,야간 미개방
931,강남구 개포동 186-7,노상 주차장,시간제 주차장,유료,야간 미개방
932,강동구 성내동 540-0,노상 주차장,시간제 + 거주자 주차장,유료,야간 미개방
933,강동구 성내동 540-0,노상 주차장,시간제 + 거주자 주차장,유료,야간 미개방
934,강동구 성내동 540-0,노상 주차장,시간제 + 거주자 주차장,유료,야간 미개방
935,강동구 성내동 540-0,노상 주차장,시간제 + 거주자 주차장,유료,야간 미개방
936,강동구 성내동 540-0,노상 주차장,시간제 + 거주자 주차장,유료,야간 미개방
937,강동구 성내동 540-0,노상 주차장,시간제 + 거주자 주차장,유료,야간 미개방
938,강동구 성내동 540-0,노상 주차장,시간제 + 거주자 주차장,유료,야간 미개방
939,강동구 성내동 540-0,노상 주차장,시간제 + 거주자 주차장,유료,야간 미개방
940,강동구 성내동 540-0,노상 주차장,시간제 + 거주자 주차장,유료,야간 미개방
941,강동구 성내동 540-0,노상 주차장,시간제 + 거주자 주차장,유료,야간 미개방
942,강동구 성내동 540-0,노상 주차장,시간제 + 거주자 주차장,유료,야간 미개방
943,강동구 성내동 540-0,노상 주차장,시간제 + 거주자 주차장,유료,야간 미개방
944,강동구 성내동 540-0,노상 주차장,시간제 + 거주자 주차장,유료,야간 미개방
945,강동구 성내동 540-0,노상 주차장,시간제 + 거주자 주차장,유료,야간 미개방
946,강동구 성내동 540-0,노상 주차장,시간제 + 거주자 주차장,유료,야간 미개방
947,강동구 성내동 540-0,노상 주차장,시간제 + 거주자 주차장,유료,야간 미개방
948,강동구 성내동 540-0,노상 주차장,시간제 + 거주자 주차장,유료,야간 미개방
949,강동구 성내동 540-0,노상 주차장,시간제 + 거주자 주차장,유료,야간 미개방
950,강동구 성내동 540-0,노상 주차장,시간제 + 거주자 주차장,유료,야간 미개방
951,강동구 성내동 540-0,노상 주차장,시간제 + 거주자 주차장,유료,야간 미개방
952,강동구 성내동 540-0,노상 주차장,시간제 + 거주자 주차장,유료,야간 미개방
953,강동구 성내동 540-0,노상 주차장,시간제 + 거주자 주차장,유료,야간 미개방
954,강동구 성내동 540-0,노상 주차장,시간제 + 거주자 주차장,유료,야간 미개방
955,강동구 성내동 540-0,노상 주차장,시간제 + 거주자 주차장,유료,야간 미개방
956,강동구 성내동 540-0,노상 주차장,시간제 + 거주자 주차장,유료,야간 미개방
957,강동구 성내동 540-0,노상 주차장,시간제 + 거주자 주차장,유료,야간 미개방
958,강동구 성내동 540-0,노상 주차장,시간제 + 거주자 주차장,유료,야간 미개방
959,강동구 성내동 540-0,노상 주차장,시간제 + 거주자 주차장,유료,야간 미개방
960,강동구 성내동 540-0,노상 주차장,시간제 + 거주자 주차장,유료,야간 미개방
961,강동구 천호동 280-9,노외 주차장,시간제 주차장,유료,야간 미개방
962,강서구 가양동 1457-1,노외 주차장,시간제 주차장,유료,야간 미개방
963,중구 을지로7가 2-36,노상 주차장,버스전용 주차장,무료,야간 미개방
964,중구 을지로7가 2-36,노상 주차장,버스전용 주차장,무료,야간 미개방
965,중구 을지로7가 2-36,노상 주차장,버스전용 주차장,무료,야간 미개방
966,중구 을지로7가 2-36,노상 주차장,버스전용 주차장,무료,야간 미개방
967,중구 을지로7가 2-36,노상 주차장,버스전용 주차장,무료,야간 미개방
968,중구 을지로7가 2-36,노상 주차장,버스전용 주차장,무료,야간 미개방
969,중구 을지로7가 2-36,노상 주차장,버스전용 주차장,무료,야간 미개방
970,중구 을지로7가 2-36,노상 주차장,버스전용 주차장,무료,야간 미개방
971,중구 을지로7가 2-36,노상 주차장,버스전용 주차장,무료,야간 미개방
972,중구 을지로7가 2-36,노상 주차장,버스전용 주차장,무료,야간 미개방
973,중구 을지로7가 2-36,노상 주차장,버스전용 주차장,무료,야간 미개방
974,중구 을지로7가 2-36,노상 주차장,버스전용 주차장,무료,야간 미개방
975,중구 을지로7가 2-36,노상 주차장,버스전용 주차장,무료,야간 미개방
976,중구 을지로7가 2-36,노상 주차장,버스전용 주차장,무료,야간 미개방
977,중구 을지로7가 2-36,노상 주차장,버스전용 주차장,무료,야간 미개방
978,중구 을지로7가 2-36,노상 주차장,버스전용 주차장,무료,야간 미개방
979,중구 을지로7가 2-36,노상 주차장,버스전용 주차장,무료,야간 미개방
980,중구 을지로7가 2-36,노상 주차장,버스전용 주차장,무료,야간 미개방
981,중구 을지로7가 2-36,노상 주차장,버스전용 주차장,무료,야간 미개방
982,중구 을지로7가 2-36,노상 주차장,버스전용 주차장,무료,야간 미개방
983,중구 을지로7가 112-3,노상 주차장,버스전용 주차장,무료,야간 미개방
984,중구 을지로7가 112-3,노상 주차장,버스전용 주차장,무료,야간 미개방
985,양천구 신월동 126-36,노상 주차장,시간제 주차장,유료,야간 미개방
986,양천구 신월동 126-36,노상 주차장,시간제 주차장,유료,야간 미개방
987,양천구 신월동 126-36,노상 주차장,시간제 주차장,유료,야간 미개방
988,양천구 신월동 126-36,노상 주차장,시간제 주차장,유료,야간 미개방
989,양천구 신월동 126-36,노상 주차장,시간제 주차장,유료,야간 미개방
990,양천구 신월동 126-36,노상 주차장,시간제 주차장,유료,야간 미개방
991,양천구 신월동 126-36,노상 주차장,시간제 주차장,유료,야간 미개방
992,양천구 신월동 126-36,노상 주차장,시간제 주차장,유료,야간 미개방
993,양천구 신월동 126-36,노상 주차장,시간제 주차장,유료,야간 미개방
994,양천구 신월동 126-36,노상 주차장,시간제 주차장,유료,야간 미개방
995,양천구 신월동 126-36,노상 주차장,시간제 주차장,유료,야간 미개방
996,양천구 신월동 126-36,노상 주차장,시간제 주차장,유료,야간 미개방
997,양천구 신월동 126-36,노상 주차장,시간제 주차장,유료,야간 미개방
998,양천구 신월동 126-36,노상 주차장,시간제 주차장,유료,야간 미개방
999,양천구 신월동 126-36,노상 주차장,시간제 주차장,유료,야간 미개방
1000,양천구 신월동 126-36,노상 주차장,시간제 주차장,유료,야간 미개방
1001,양천구 신월동 126-36,노상 주차장,시간제 주차장,유료,야간 미개방
1002,양천구 신월동 126-36,노상 주차장,시간제 주차장,유료,야간 미개방
1003,양천구 신월동 126-36,노상 주차장,시간제 주차장,유료,야간 미개방
1004,양천구 신월동 126-36,노상 주차장,시간제 주차장,유료,야간 미개방
1005,양천구 신월동 126-36,노상 주차장,시간제 주차장,유료,야간 미개방
1006,양천구 신월동 126-36,노상 주차장,시간제 주차장,유료,야간 미개방
1007,양천구 신월동 126-36,노상 주차장,시간제 주차장,유료,야간 미개방
1008,양천구 신월동 126-36,노상 주차장,시간제 주차장,유료,야간 미개방
1009,양천구 신월동 126-36,노상 주차장,시간제 주차장,유료,야간 미개방
1010,양천구 신월동 126-36,노상 주차장,시간제 주차장,유료,야간 미개방
1011,양천구 신월동 126-36,노상 주차장,시간제 주차장,유료,야간 미개방
1012,양천구 신월동 126-36,노상 주차장,시간제 주차장,유료,야간 미개방
1013,양천구 신월동 126-36,노상 주차장,시간제 주차장,유료,야간 미개방
1014,양천구 신월동 126-36,노상 주차장,시간제 주차장,유료,야간 미개방
1015,양천구 신월동 126-36,노상 주차장,시간제 주차장,유료,야간 미개방
1016,양천구 신월동 126-36,노상 주차장,시간제 주차장,유료,야간 미개방
1017,양천구 신월동 126-36,노상 주차장,시간제 주차장,유료,야간 미개방
1018,양천구 신월동 126-36,노상 주차장,시간제 주차장,유료,야간 미개방
1019,양천구 신월동 126-36,노상 주차장,시간제 주차장,유료,야간 미개방
1020,양천구 신월동 126-36,노상 주차장,시간제 주차장,유료,야간 미개방
1021,양천구 신월동 126-36,노상 주차장,시간제 주차장,유료,야간 미개방
1022,양천구 신월동 126-36,노상 주차장,시간제 주차장,유료,야간 미개방
1023,양천구 신월동 126-36,노상 주차장,시간제 주차장,유료,야간 미개방
1024,양천구 신월동 126-36,노상 주차장,시간제 주차장,유료,야간 미개방
1025,양천구 신월동 126-36,노상 주차장,시간제 주차장,유료,야간 미개방
1026,양천구 신월동 126-36,노상 주차장,시간제 주차장,유료,야간 미개방
1027,양천구 신월동 126-36,노상 주차장,시간제 주차장,유료,야간 미개방
1028,양천구 신월동 126-36,노상 주차장,시간제 주차장,유료,야간 미개방
1029,양천구 신월동 126-36,노상 주차장,시간제 주차장,유료,야간 미개방
1030,양천구 신월동 126-36,노상 주차장,시간제 주차장,유료,야간 미개방
1031,양천구 신월동 126-36,노상 주차장,시간제 주차장,유료,야간 미개방
1032,양천구 신월동 126-36,노상 주차장,시간제 주차장,유료,야간 미개방
1033,양천구 신월동 126-36,노상 주차장,시간제 주차장,유료,야간 미개방
1034,양천구 신월동 126-36,노상 주차장,시간제 주차장,유료,야간 미개방
1035,양천구 신월동 126-36,노상 주차장,시간제 주차장,유료,야간 미개방
1036,양천구 신월동 126-36,노상 주차장,시간제 주차장,유료,야간 미개방
1037,양천구 신월동 126-36,노상 주차장,시간제 주차장,유료,야간 미개방
1038,양천구 신월동 126-36,노상 주차장,시간제 주차장,유료,야간 미개방
1039,양천구 신월동 126-36,노상 주차장,시간제 주차장,유료,야간 미개방
1040,양천구 신월동 126-36,노상 주차장,시간제 주차장,유료,야간 미개방
1041,양천구 신월동 126-36,노상 주차장,시간제 주차장,유료,야간 미개방
1042,양천구 신월동 126-36,노상 주차장,시간제 주차장,유료,야간 미개방
1043,양천구 신월동 126-36,노상 주차장,시간제 주차장,유료,야간 미개방
1044,양천구 신월동 126-36,노상 주차장,시간제 주차장,유료,야간 미개방
1045,양천구 신월동 126-36,노상 주차장,시간제 주차장,유료,야간 미개방
1046,양천구 신월동 126-36,노상 주차장,시간제 주차장,유료,야간 미개방
1047,양천구 신월동 126-36,노상 주차장,시간제 주차장,유료,야간 미개방
1048,양천구 신월동 126-36,노상 주차장,시간제 주차장,유료,야간 미개방
1049,양천구 신월동 126-36,노상 주차장,시간제 주차장,유료,야간 미개방
1050,양천구 신월동 126-36,노상 주차장,시간제 주차장,유료,야간 미개방
1051,양천구 신월동 126-36,노상 주차장,시간제 주차장,유료,야간 미개방
1052,양천구 신월동 126-36,노상 주차장,시간제 주차장,유료,야간 미개방
1053,양천구 신월동 126-36,노상 주차장,시간제 주차장,유료,야간 미개방
1054,양천구 신월동 126-36,노상 주차장,시간제 주차장,유료,야간 미개방
1055,양천구 신월동 126-36,노상 주차장,시간제 주차장,유료,야간 미개방
1056,양천구 신월동 126-36,노상 주차장,시간제 주차장,유료,야간 미개방
1057,양천구 신월동 126-36,노상 주차장,시간제 주차장,유료,야간 미개방
1058,양천구 신월동 126-36,노상 주차장,시간제 주차장,유료,야간 미개방
1059,양천구 신월동 126-36,노상 주차장,시간제 주차장,유료,야간 미개방
1060,양천구 신월동 126-36,노상 주차장,시간제 주차장,유료,야간 미개방
1061,양천구 신월동 126-36,노상 주차장,시간제 주차장,유료,야간 미개방
1062,양천구 신월동 126-36,노상 주차장,시간제 주차장,유료,야간 미개방
1063,양천구 신월동 126-36,노상 주차장,시간제 주차장,유료,야간 미개방
1064,양천구 신월동 126-36,노상 주차장,시간제 주차장,유료,야간 미개방
1065,강동구 명일동 583-0,노상 주차장,시간제 주차장,유료,야간 미개방
1066,양천구 신월동 226-9,노외 주차장,시간제 주차장,유료,야간 미개방
1067,양천구 신월동 263-0,노외 주차장,시간제 주차장,유료,야간 미개방
1068,금천구 가산동 148-28,노외 주차장,시간제 주차장,유료,야간 미개방
1069,성동구 송정동 72-242,노외 주차장,거주자 우선 주차장,유료,야간 미개방
1070,성동구 성수동1가 685-173,노외 주차장,거주자 우선 주차장,유료,야간 미개방
1071,용산구 남영동 46-3 ,노상 주차장,거주자 우선 주차장,유료,야간 미개방
1072,용산구 남영동 46-3 ,노상 주차장,거주자 우선 주차장,유료,야간 미개방
1073,용산구 남영동 46-3 ,노상 주차장,거주자 우선 주차장,유료,야간 미개방
1074,용산구 남영동 46-3 ,노상 주차장,거주자 우선 주차장,유료,야간 미개방
1075,용산구 남영동 46-3 ,노상 주차장,거주자 우선 주차장,유료,야간 미개방
1076,용산구 남영동 103-3,노상 주차장,거주자 우선 주차장,유료,야간 미개방
1077,용산구 남영동 103-3,노상 주차장,거주자 우선 주차장,유료,야간 미개방
1078,용산구 남영동 103-3,노상 주차장,거주자 우선 주차장,유료,야간 미개방
1079,용산구 남영동 103-3,노상 주차장,거주자 우선 주차장,유료,야간 미개방
1080,용산구 남영동 103-3,노상 주차장,거주자 우선 주차장,유료,야간 미개방
1081,용산구 남영동 103-3,노상 주차장,거주자 우선 주차장,유료,야간 미개방
1082,용산구 남영동 103-3,노상 주차장,거주자 우선 주차장,유료,야간 미개방
1083,용산구 남영동 103-3,노상 주차장,거주자 우선 주차장,유료,야간 미개방
1084,용산구 남영동 103-3,노상 주차장,거주자 우선 주차장,유료,야간 미개방
1085,용산구 남영동 103-3,노상 주차장,거주자 우선 주차장,유료,야간 미개방
1086,용산구 남영동 103-3,노상 주차장,거주자 우선 주차장,유료,야간 미개방
1087,용산구 남영동 103-3,노상 주차장,거주자 우선 주차장,유료,야간 미개방
1088,강남구 논현동 280-1,노상 주차장,시간제 주차장,유료,야간 미개방
1089,강남구 논현동 280-1,노상 주차장,시간제 주차장,유료,야간 미개방
1090,강남구 논현동 280-1,노상 주차장,시간제 주차장,유료,야간 미개방
1091,강남구 논현동 280-1,노상 주차장,시간제 주차장,유료,야간 미개방
1092,강남구 논현동 280-1,노상 주차장,시간제 주차장,유료,야간 미개방
1093,강남구 논현동 280-1,노상 주차장,시간제 주차장,유료,야간 미개방
1094,강남구 논현동 280-1,노상 주차장,시간제 주차장,유료,야간 미개방
1095,성동구 응봉동 193-115,노상 주차장,시간제 + 거주자 주차장,유료,야간 미개방
1096,성동구 응봉동 193-115,노상 주차장,시간제 + 거주자 주차장,유료,야간 미개방
1097,성동구 응봉동 265-317,노상 주차장,시간제 + 거주자 주차장,유료,야간 미개방
1098,성동구 응봉동 265-317,노상 주차장,시간제 + 거주자 주차장,유료,야간 미개방
1099,성동구 응봉동 265-317,노상 주차장,시간제 + 거주자 주차장,유료,야간 미개방
1100,성동구 응봉동 265-317,노상 주차장,시간제 + 거주자 주차장,유료,야간 미개방
1101,성동구 응봉동 265-317,노상 주차장,시간제 + 거주자 주차장,유료,야간 미개방
1102,성동구 응봉동 265-317,노상 주차장,시간제 + 거주자 주차장,유료,야간 미개방
1103,성동구 응봉동 265-317,노상 주차장,시간제 + 거주자 주차장,유료,야간 미개방
1104,성동구 응봉동 265-317,노상 주차장,시간제 + 거주자 주차장,유료,야간 미개방
1105,성동구 응봉동 265-317,노상 주차장,시간제 + 거주자 주차장,유료,야간 미개방
1106,성동구 응봉동 265-317,노상 주차장,시간제 + 거주자 주차장,유료,야간 미개방
1107,성동구 응봉동 265-317,노상 주차장,시간제 + 거주자 주차장,유료,야간 미개방
1108,성동구 응봉동 265-317,노상 주차장,시간제 + 거주자 주차장,유료,야간 미개방
1109,성동구 응봉동 265-317,노상 주차장,시간제 + 거주자 주차장,유료,야간 미개방
1110,성동구 응봉동 265-317,노상 주차장,시간제 + 거주자 주차장,유료,야간 미개방
1111,성동구 응봉동 265-317,노상 주차장,시간제 + 거주자 주차장,유료,야간 미개방
1112,성동구 응봉동 265-317,노상 주차장,시간제 + 거주자 주차장,유료,야간 미개방
1113,성동구 응봉동 265-317,노상 주차장,시간제 + 거주자 주차장,유료,야간 미개방
1114,성동구 응봉동 265-317,노상 주차장,시간제 + 거주자 주차장,유료,야간 미개방
1115,성동구 응봉동 265-317,노상 주차장,시간제 + 거주자 주차장,유료,야간 미개방
1116,성동구 응봉동 265-317,노상 주차장,시간제 + 거주자 주차장,유료,야간 미개방
1117,성동구 응봉동 265-317,노상 주차장,시간제 + 거주자 주차장,유료,야간 미개방
1118,성동구 응봉동 265-317,노상 주차장,시간제 + 거주자 주차장,유료,야간 미개방
1119,성동구 응봉동 265-317,노상 주차장,시간제 + 거주자 주차장,유료,야간 미개방
1120,성동구 응봉동 265-317,노상 주차장,시간제 + 거주자 주차장,유료,야간 미개방
1121,성동구 응봉동 265-317,노상 주차장,시간제 + 거주자 주차장,유료,야간 미개방
1122,성동구 응봉동 265-317,노상 주차장,시간제 + 거주자 주차장,유료,야간 미개방
1123,성동구 응봉동 265-317,노상 주차장,시간제 + 거주자 주차장,유료,야간 미개방
1124,성동구 응봉동 265-317,노상 주차장,시간제 + 거주자 주차장,유료,야간 미개방
1125,성동구 응봉동 265-317,노상 주차장,시간제 + 거주자 주차장,유료,야간 미개방
1126,성동구 응봉동 265-317,노상 주차장,시간제 + 거주자 주차장,유료,야간 미개방
1127,성동구 응봉동 265-317,노상 주차장,시간제 + 거주자 주차장,유료,야간 미개방
1128,성동구 응봉동 265-314,노상 주차장,시간제 + 거주자 주차장,유료,야간 미개방
1129,성동구 응봉동 265-314,노상 주차장,시간제 + 거주자 주차장,유료,야간 미개방
1130,성동구 응봉동 265-314,노상 주차장,시간제 + 거주자 주차장,유료,야간 미개방
1131,성동구 응봉동 265-314,노상 주차장,시간제 + 거주자 주차장,유료,야간 미개방
1132,성동구 응봉동 265-314,노상 주차장,시간제 + 거주자 주차장,유료,야간 미개방
1133,성동구 응봉동 265-314,노상 주차장,시간제 + 거주자 주차장,유료,야간 미개방
1134,성동구 응봉동 265-314,노상 주차장,시간제 + 거주자 주차장,유료,야간 미개방
1135,성동구 응봉동 265-314,노상 주차장,시간제 + 거주자 주차장,유료,야간 미개방
1136,성동구 응봉동 265-314,노상 주차장,시간제 + 거주자 주차장,유료,야간 미개방
1137,성동구 응봉동 265-314,노상 주차장,시간제 + 거주자 주차장,유료,야간 미개방
1138,성동구 응봉동 265-314,노상 주차장,시간제 + 거주자 주차장,유료,야간 미개방
1139,성동구 응봉동 265-314,노상 주차장,시간제 + 거주자 주차장,유료,야간 미개방
1140,성동구 응봉동 265-314,노상 주차장,시간제 + 거주자 주차장,유료,야간 미개방
1141,성동구 응봉동 265-314,노상 주차장,시간제 + 거주자 주차장,유료,야간 미개방
1142,성동구 응봉동 265-314,노상 주차장,시간제 + 거주자 주차장,유료,야간 미개방
1143,성동구 응봉동 265-314,노상 주차장,시간제 + 거주자 주차장,유료,야간 미개방
1144,성동구 응봉동 265-314,노상 주차장,시간제 + 거주자 주차장,유료,야간 미개방
1145,성동구 응봉동 265-314,노상 주차장,시간제 + 거주자 주차장,유료,야간 미개방
1146,성동구 응봉동 265-314,노상 주차장,시간제 + 거주자 주차장,유료,야간 미개방
1147,성동구 응봉동 265-314,노상 주차장,시간제 + 거주자 주차장,유료,야간 미개방
1148,성동구 응봉동 265-314,노상 주차장,시간제 + 거주자 주차장,유료,야간 미개방
1149,성동구 응봉동 265-314,노상 주차장,시간제 + 거주자 주차장,유료,야간 미개방
1150,성동구 응봉동 265-314,노상 주차장,시간제 + 거주자 주차장,유료,야간 미개방
1151,성동구 응봉동 265-314,노상 주차장,시간제 + 거주자 주차장,유료,야간 미개방
1152,성동구 응봉동 265-314,노상 주차장,시간제 + 거주자 주차장,유료,야간 미개방
1153,성동구 응봉동 265-314,노상 주차장,시간제 + 거주자 주차장,유료,야간 미개방
1154,성동구 도선동 338-0,노상 주차장,시간제 + 거주자 주차장,유료,야간 미개방
1155,성동구 도선동 338-0,노상 주차장,시간제 + 거주자 주차장,유료,야간 미개방
1156,성동구 도선동 338-0,노상 주차장,시간제 + 거주자 주차장,유료,야간 미개방
1157,성동구 도선동 338-0,노상 주차장,시간제 + 거주자 주차장,유료,야간 미개방
1158,성동구 도선동 338-0,노상 주차장,시간제 + 거주자 주차장,유료,야간 미개방
1159,성동구 도선동 338-0,노상 주차장,시간제 + 거주자 주차장,유료,야간 미개방
1160,성동구 홍익동 364-0,노상 주차장,시간제 + 거주자 주차장,유료,야간 미개방
1161,성동구 홍익동 364-0,노상 주차장,시간제 + 거주자 주차장,유료,야간 미개방
1162,성동구 홍익동 364-0,노상 주차장,시간제 + 거주자 주차장,유료,야간 미개방
1163,성동구 홍익동 364-0,노상 주차장,시간제 + 거주자 주차장,유료,야간 미개방
1164,성동구 홍익동 364-0,노상 주차장,시간제 + 거주자 주차장,유료,야간 미개방
1165,성동구 홍익동 364-0,노상 주차장,시간제 + 거주자 주차장,유료,야간 미개방
1166,성동구 홍익동 364-0,노상 주차장,시간제 + 거주자 주차장,유료,야간 미개방
1167,성동구 홍익동 364-0,노상 주차장,시간제 + 거주자 주차장,유료,야간 미개방
1168,성동구 홍익동 364-0,노상 주차장,시간제 + 거주자 주차장,유료,야간 미개방
1169,성동구 성수동1가 656-243,노상 주차장,시간제 + 거주자 주차장,유료,야간 미개방
1170,성동구 성수동1가 656-243,노상 주차장,시간제 + 거주자 주차장,유료,야간 미개방
1171,성동구 성수동1가 656-243,노상 주차장,시간제 + 거주자 주차장,유료,야간 미개방
1172,성동구 성수동1가 656-243,노상 주차장,시간제 + 거주자 주차장,유료,야간 미개방
1173,성동구 성수동1가 656-243,노상 주차장,시간제 + 거주자 주차장,유료,야간 미개방
1174,성동구 성수동1가 656-243,노상 주차장,시간제 + 거주자 주차장,유료,야간 미개방
1175,성동구 성수동1가 656-243,노상 주차장,시간제 + 거주자 주차장,유료,야간 미개방
1176,성동구 성수동1가 656-243,노상 주차장,시간제 + 거주자 주차장,유료,야간 미개방
1177,성동구 성수동1가 656-243,노상 주차장,시간제 + 거주자 주차장,유료,야간 미개방
1178,성동구 성수동1가 656-243,노상 주차장,시간제 + 거주자 주차장,유료,야간 미개방
1179,성동구 성수동1가 656-243,노상 주차장,시간제 + 거주자 주차장,유료,야간 미개방
1180,성동구 성수동1가 656-243,노상 주차장,시간제 + 거주자 주차장,유료,야간 미개방
1181,성동구 성수동1가 656-243,노상 주차장,시간제 + 거주자 주차장,유료,야간 미개방
1182,성동구 성수동1가 656-243,노상 주차장,시간제 + 거주자 주차장,유료,야간 미개방
1183,성동구 성수동1가 656-243,노상 주차장,시간제 + 거주자 주차장,유료,야간 미개방
1184,성동구 행당동 279-6,노상 주차장,시간제 + 거주자 주차장,유료,야간 미개방
1185,성동구 행당동 279-6,노상 주차장,시간제 + 거주자 주차장,유료,야간 미개방
1186,성동구 행당동 279-6,노상 주차장,시간제 + 거주자 주차장,유료,야간 미개방
1187,성동구 행당동 279-6,노상 주차장,시간제 + 거주자 주차장,유료,야간 미개방
1188,성동구 행당동 279-6,노상 주차장,시간제 + 거주자 주차장,유료,야간 미개방
1189,성동구 행당동 279-6,노상 주차장,시간제 + 거주자 주차장,유료,야간 미개방
1190,성동구 행당동 279-6,노상 주차장,시간제 + 거주자 주차장,유료,야간 미개방
1191,성동구 행당동 279-6,노상 주차장,시간제 + 거주자 주차장,유료,야간 미개방
1192,성동구 행당동 279-6,노상 주차장,시간제 + 거주자 주차장,유료,야간 미개방
1193,성동구 하왕십리동 1018-7,노상 주차장,시간제 + 거주자 주차장,유료,야간 미개방
1194,성동구 하왕십리동 1018-7,노상 주차장,시간제 + 거주자 주차장,유료,야간 미개방
1195,성동구 하왕십리동 1018-7,노상 주차장,시간제 + 거주자 주차장,유료,야간 미개방
1196,성동구 하왕십리동 1018-7,노상 주차장,시간제 + 거주자 주차장,유료,야간 미개방
1197,성동구 하왕십리동 1018-7,노상 주차장,시간제 + 거주자 주차장,유료,야간 미개방
1198,성동구 하왕십리동 1018-7,노상 주차장,시간제 + 거주자 주차장,유료,야간 미개방
1199,성동구 하왕십리동 1018-7,노상 주차장,시간제 + 거주자 주차장,유료,야간 미개방
1200,성동구 하왕십리동 1018-7,노상 주차장,시간제 + 거주자 주차장,유료,야간 미개방
1201,성동구 하왕십리동 1018-7,노상 주차장,시간제 + 거주자 주차장,유료,야간 미개방
1202,성동구 마장동 772-2,노상 주차장,시간제 + 거주자 주차장,유료,야간 미개방
1203,성동구 마장동 772-2,노상 주차장,시간제 + 거주자 주차장,유료,야간 미개방
1204,성동구 마장동 772-2,노상 주차장,시간제 + 거주자 주차장,유료,야간 미개방
1205,성동구 마장동 772-2,노상 주차장,시간제 + 거주자 주차장,유료,야간 미개방
1206,성동구 마장동 772-2,노상 주차장,시간제 + 거주자 주차장,유료,야간 미개방
1207,성동구 마장동 772-2,노상 주차장,시간제 + 거주자 주차장,유료,야간 미개방
1208,성동구 마장동 772-2,노상 주차장,시간제 + 거주자 주차장,유료,야간 미개방
1209,성동구 마장동 772-2,노상 주차장,시간제 + 거주자 주차장,유료,야간 미개방
1210,성동구 마장동 772-2,노상 주차장,시간제 + 거주자 주차장,유료,야간 미개방
1211,성동구 마장동 772-2,노상 주차장,시간제 + 거주자 주차장,유료,야간 미개방
1212,성동구 홍익동 429-0,노상 주차장,시간제 + 거주자 주차장,유료,야간 미개방
1213,성동구 홍익동 429-0,노상 주차장,시간제 + 거주자 주차장,유료,야간 미개방
1214,성동구 홍익동 429-0,노상 주차장,시간제 + 거주자 주차장,유료,야간 미개방
1215,성동구 홍익동 429-0,노상 주차장,시간제 + 거주자 주차장,유료,야간 미개방
1216,성동구 홍익동 429-0,노상 주차장,시간제 + 거주자 주차장,유료,야간 미개방
1217,성동구 홍익동 429-0,노상 주차장,시간제 + 거주자 주차장,유료,야간 미개방
1218,성동구 홍익동 429-0,노상 주차장,시간제 + 거주자 주차장,유료,야간 미개방
1219,성동구 홍익동 429-0,노상 주차장,시간제 + 거주자 주차장,유료,야간 미개방
1220,성동구 홍익동 429-0,노상 주차장,시간제 + 거주자 주차장,유료,야간 미개방
1221,성동구 행당동 325-6,노상 주차장,시간제 + 거주자 주차장,유료,야간 미개방
1222,성동구 행당동 325-6,노상 주차장,시간제 + 거주자 주차장,유료,야간 미개방
1223,성동구 행당동 325-6,노상 주차장,시간제 + 거주자 주차장,유료,야간 미개방
1224,성동구 행당동 325-6,노상 주차장,시간제 + 거주자 주차장,유료,야간 미개방
1225,성동구 행당동 325-6,노상 주차장,시간제 + 거주자 주차장,유료,야간 미개방
1226,성동구 행당동 325-6,노상 주차장,시간제 + 거주자 주차장,유료,야간 미개방
1227,성동구 행당동 325-6,노상 주차장,시간제 + 거주자 주차장,유료,야간 미개방
1228,성동구 마장동 790-1,노상 주차장,시간제 + 거주자 주차장,유료,야간 미개방
1229,성동구 마장동 790-1,노상 주차장,시간제 + 거주자 주차장,유료,야간 미개방
1230,성동구 마장동 790-1,노상 주차장,시간제 + 거주자 주차장,유료,야간 미개방
1231,성동구 마장동 790-1,노상 주차장,시간제 + 거주자 주차장,유료,야간 미개방
1232,성동구 마장동 790-1,노상 주차장,시간제 + 거주자 주차장,유료,야간 미개방
1233,성동구 마장동 790-1,노상 주차장,시간제 + 거주자 주차장,유료,야간 미개방
1234,성동구 마장동 790-1,노상 주차장,시간제 + 거주자 주차장,유료,야간 미개방
1235,성동구 마장동 790-1,노상 주차장,시간제 + 거주자 주차장,유료,야간 미개방
1236,성동구 마장동 790-1,노상 주차장,시간제 + 거주자 주차장,유료,야간 미개방
1237,성동구 마장동 790-1,노상 주차장,시간제 + 거주자 주차장,유료,야간 미개방
1238,성동구 마장동 790-1,노상 주차장,시간제 + 거주자 주차장,유료,야간 미개방
1239,성동구 마장동 790-1,노상 주차장,시간제 + 거주자 주차장,유료,야간 미개방
1240,성동구 마장동 790-1,노상 주차장,시간제 + 거주자 주차장,유료,야간 미개방
1241,성동구 마장동 790-1,노상 주차장,시간제 + 거주자 주차장,유료,야간 미개방
1242,성동구 마장동 790-1,노상 주차장,시간제 + 거주자 주차장,유료,야간 미개방
1243,성동구 마장동 790-1,노상 주차장,시간제 + 거주자 주차장,유료,야간 미개방
1244,성동구 마장동 790-1,노상 주차장,시간제 + 거주자 주차장,유료,야간 미개방
1245,성동구 마장동 790-1,노상 주차장,시간제 + 거주자 주차장,유료,야간 미개방
1246,성동구 마장동 790-1,노상 주차장,시간제 + 거주자 주차장,유료,야간 미개방
1247,성동구 마장동 790-1,노상 주차장,시간제 + 거주자 주차장,유료,야간 미개방
1248,성동구 마장동 790-1,노상 주차장,시간제 + 거주자 주차장,유료,야간 미개방
1249,성동구 마장동 790-1,노상 주차장,시간제 + 거주자 주차장,유료,야간 미개방
1250,성동구 마장동 790-1,노상 주차장,시간제 + 거주자 주차장,유료,야간 미개방
1251,성동구 마장동 790-1,노상 주차장,시간제 + 거주자 주차장,유료,야간 미개방
1252,성동구 마장동 790-1,노상 주차장,시간제 + 거주자 주차장,유료,야간 미개방
1253,성동구 마장동 790-1,노상 주차장,시간제 + 거주자 주차장,유료,야간 미개방
1254,성동구 마장동 790-1,노상 주차장,시간제 + 거주자 주차장,유료,야간 미개방
1255,성동구 마장동 790-1,노상 주차장,시간제 + 거주자 주차장,유료,야간 미개방
1256,성동구 마장동 790-1,노상 주차장,시간제 + 거주자 주차장,유료,야간 미개방
1257,성동구 마장동 790-1,노상 주차장,시간제 + 거주자 주차장,유료,야간 미개방
1258,성동구 마장동 790-1,노상 주차장,시간제 + 거주자 주차장,유료,야간 미개방
1259,성동구 마장동 790-1,노상 주차장,시간제 + 거주자 주차장,유료,야간 미개방
1260,성동구 마장동 790-1,노상 주차장,시간제 + 거주자 주차장,유료,야간 미개방
1261,성동구 마장동 790-1,노상 주차장,시간제 + 거주자 주차장,유료,야간 미개방
1262,성동구 마장동 790-1,노상 주차장,시간제 + 거주자 주차장,유료,야간 미개방
1263,성동구 마장동 790-1,노상 주차장,시간제 + 거주자 주차장,유료,야간 미개방
1264,성동구 마장동 790-1,노상 주차장,시간제 + 거주자 주차장,유료,야간 미개방
1265,성동구 마장동 790-1,노상 주차장,시간제 + 거주자 주차장,유료,야간 미개방
1266,성동구 행당동 341-102,노상 주차장,시간제 + 거주자 주차장,유료,야간 미개방
1267,성동구 행당동 341-102,노상 주차장,시간제 + 거주자 주차장,유료,야간 미개방
1268,성동구 행당동 341-102,노상 주차장,시간제 + 거주자 주차장,유료,야간 미개방
1269,성동구 행당동 341-102,노상 주차장,시간제 + 거주자 주차장,유료,야간 미개방
1270,성동구 행당동 341-102,노상 주차장,시간제 + 거주자 주차장,유료,야간 미개방
1271,성동구 행당동 341-102,노상 주차장,시간제 + 거주자 주차장,유료,야간 미개방
1272,성동구 행당동 341-102,노상 주차장,시간제 + 거주자 주차장,유료,야간 미개방
1273,성동구 행당동 341-102,노상 주차장,시간제 + 거주자 주차장,유료,야간 미개방
1274,성동구 행당동 341-102,노상 주차장,시간제 + 거주자 주차장,유료,야간 미개방
1275,성동구 행당동 341-102,노상 주차장,시간제 + 거주자 주차장,유료,야간 미개방
1276,성동구 행당동 341-102,노상 주차장,시간제 + 거주자 주차장,유료,야간 미개방
1277,성동구 행당동 341-102,노상 주차장,시간제 + 거주자 주차장,유료,야간 미개방
1278,성동구 홍익동 437-0,노상 주차장,시간제 + 거주자 주차장,유료,야간 미개방
1279,성동구 홍익동 437-0,노상 주차장,시간제 + 거주자 주차장,유료,야간 미개방
1280,성동구 홍익동 437-0,노상 주차장,시간제 + 거주자 주차장,유료,야간 미개방
1281,성동구 홍익동 437-0,노상 주차장,시간제 + 거주자 주차장,유료,야간 미개방
1282,성동구 홍익동 437-0,노상 주차장,시간제 + 거주자 주차장,유료,야간 미개방
1283,성동구 홍익동 437-0,노상 주차장,시간제 + 거주자 주차장,유료,야간 미개방
1284,성동구 홍익동 437-0,노상 주차장,시간제 + 거주자 주차장,유료,야간 미개방
1285,성동구 홍익동 437-0,노상 주차장,시간제 + 거주자 주차장,유료,야간 미개방
1286,성동구 홍익동 437-0,노상 주차장,시간제 + 거주자 주차장,유료,야간 미개방
1287,성동구 홍익동 437-0,노상 주차장,시간제 + 거주자 주차장,유료,야간 미개방
1288,성동구 홍익동 437-0,노상 주차장,시간제 + 거주자 주차장,유료,야간 미개방
1289,성동구 홍익동 437-0,노상 주차장,시간제 + 거주자 주차장,유료,야간 미개방
1290,성동구 홍익동 437-0,노상 주차장,시간제 + 거주자 주차장,유료,야간 미개방
1291,성동구 홍익동 437-0,노상 주차장,시간제 + 거주자 주차장,유료,야간 미개방
1292,성동구 홍익동 437-0,노상 주차장,시간제 + 거주자 주차장,유료,야간 미개방
1293,성동구 홍익동 437-0,노상 주차장,시간제 + 거주자 주차장,유료,야간 미개방
1294,성동구 홍익동 437-0,노상 주차장,시간제 + 거주자 주차장,유료,야간 미개방
1295,성동구 홍익동 437-0,노상 주차장,시간제 + 거주자 주차장,유료,야간 미개방
1296,성동구 홍익동 437-0,노상 주차장,시간제 + 거주자 주차장,유료,야간 미개방
1297,성동구 홍익동 437-0,노상 주차장,시간제 + 거주자 주차장,유료,야간 미개방
1298,성동구 홍익동 437-0,노상 주차장,시간제 + 거주자 주차장,유료,야간 미개방
1299,성동구 홍익동 437-0,노상 주차장,시간제 + 거주자 주차장,유료,야간 미개방
1300,성동구 홍익동 437-0,노상 주차장,시간제 + 거주자 주차장,유료,야간 미개방
1301,성동구 홍익동 437-0,노상 주차장,시간제 + 거주자 주차장,유료,야간 미개방
1302,성동구 홍익동 437-0,노상 주차장,시간제 + 거주자 주차장,유료,야간 미개방
1303,성동구 홍익동 437-0,노상 주차장,시간제 + 거주자 주차장,유료,야간 미개방
1304,성동구 홍익동 437-0,노상 주차장,시간제 + 거주자 주차장,유료,야간 미개방
1305,성동구 마장동 829-0,노상 주차장,시간제 + 거주자 주차장,유료,야간 미개방
1306,성동구 마장동 829-0,노상 주차장,시간제 + 거주자 주차장,유료,야간 미개방
1307,성동구 마장동 829-0,노상 주차장,시간제 + 거주자 주차장,유료,야간 미개방
1308,성동구 마장동 829-0,노상 주차장,시간제 + 거주자 주차장,유료,야간 미개방
1309,성동구 마장동 829-0,노상 주차장,시간제 + 거주자 주차장,유료,야간 미개방
1310,성동구 행당동 4-12,노상 주차장,시간제 + 거주자 주차장,유료,야간 미개방
1311,성동구 행당동 4-12,노상 주차장,시간제 + 거주자 주차장,유료,야간 미개방
1312,성동구 행당동 4-12,노상 주차장,시간제 + 거주자 주차장,유료,야간 미개방
1313,성동구 행당동 4-12,노상 주차장,시간제 + 거주자 주차장,유료,야간 미개방
1314,성동구 행당동 4-12,노상 주차장,시간제 + 거주자 주차장,유료,야간 미개방
1315,성동구 행당동 4-12,노상 주차장,시간제 + 거주자 주차장,유료,야간 미개방
1316,성동구 행당동 4-12,노상 주차장,시간제 + 거주자 주차장,유료,야간 미개방
1317,성동구 행당동 4-12,노상 주차장,시간제 + 거주자 주차장,유료,야간 미개방
1318,성동구 행당동 4-12,노상 주차장,시간제 + 거주자 주차장,유료,야간 미개방
1319,성동구 행당동 4-12,노상 주차장,시간제 + 거주자 주차장,유료,야간 미개방
1320,성동구 행당동 4-12,노상 주차장,시간제 + 거주자 주차장,유료,야간 미개방
1321,성동구 행당동 4-12,노상 주차장,시간제 + 거주자 주차장,유료,야간 미개방
1322,성동구 행당동 4-12,노상 주차장,시간제 + 거주자 주차장,유료,야간 미개방
1323,성동구 행당동 4-12,노상 주차장,시간제 + 거주자 주차장,유료,야간 미개방
1324,성동구 행당동 4-12,노상 주차장,시간제 + 거주자 주차장,유료,야간 미개방
1325,성동구 행당동 4-12,노상 주차장,시간제 + 거주자 주차장,유료,야간 미개방
1326,성동구 행당동 4-12,노상 주차장,시간제 + 거주자 주차장,유료,야간 미개방
1327,성동구 행당동 4-12,노상 주차장,시간제 + 거주자 주차장,유료,야간 미개방
1328,성동구 행당동 4-12,노상 주차장,시간제 + 거주자 주차장,유료,야간 미개방
1329,성동구 행당동 4-12,노상 주차장,시간제 + 거주자 주차장,유료,야간 미개방
1330,성동구 행당동 4-12,노상 주차장,시간제 + 거주자 주차장,유료,야간 미개방
1331,성동구 도선동 414-0,노상 주차장,시간제 + 거주자 주차장,유료,야간 미개방
1332,성동구 도선동 414-0,노상 주차장,시간제 + 거주자 주차장,유료,야간 미개방
1333,성동구 도선동 414-0,노상 주차장,시간제 + 거주자 주차장,유료,야간 미개방
1334,성동구 도선동 414-0,노상 주차장,시간제 + 거주자 주차장,유료,야간 미개방
1335,성동구 도선동 414-0,노상 주차장,시간제 + 거주자 주차장,유료,야간 미개방
1336,성동구 도선동 414-0,노상 주차장,시간제 + 거주자 주차장,유료,야간 미개방
1337,성동구 도선동 414-0,노상 주차장,시간제 + 거주자 주차장,유료,야간 미개방
1338,성동구 도선동 414-0,노상 주차장,시간제 + 거주자 주차장,유료,야간 미개방
1339,성동구 도선동 414-0,노상 주차장,시간제 + 거주자 주차장,유료,야간 미개방
1340,성동구 마장동 777-3,노상 주차장,시간제 + 거주자 주차장,유료,야간 미개방
1341,성동구 마장동 777-3,노상 주차장,시간제 + 거주자 주차장,유료,야간 미개방
1342,성동구 마장동 777-3,노상 주차장,시간제 + 거주자 주차장,유료,야간 미개방
1343,성동구 마장동 777-3,노상 주차장,시간제 + 거주자 주차장,유료,야간 미개방
1344,성동구 마장동 777-3,노상 주차장,시간제 + 거주자 주차장,유료,야간 미개방
1345,성동구 마장동 777-3,노상 주차장,시간제 + 거주자 주차장,유료,야간 미개방
1346,성동구 마장동 777-3,노상 주차장,시간제 + 거주자 주차장,유료,야간 미개방
1347,성동구 마장동 777-3,노상 주차장,시간제 + 거주자 주차장,유료,야간 미개방
1348,성동구 마장동 777-3,노상 주차장,시간제 + 거주자 주차장,유료,야간 미개방
1349,성동구 마장동 777-3,노상 주차장,시간제 + 거주자 주차장,유료,야간 미개방
1350,성동구 마장동 777-3,노상 주차장,시간제 + 거주자 주차장,유료,야간 미개방
1351,성동구 마장동 777-3,노상 주차장,시간제 + 거주자 주차장,유료,야간 미개방
1352,성동구 마장동 777-3,노상 주차장,시간제 + 거주자 주차장,유료,야간 미개방
1353,성동구 마장동 777-3,노상 주차장,시간제 + 거주자 주차장,유료,야간 미개방
1354,성동구 마장동 777-3,노상 주차장,시간제 + 거주자 주차장,유료,야간 미개방
1355,성동구 마장동 777-3,노상 주차장,시간제 + 거주자 주차장,유료,야간 미개방
1356,성동구 마장동 777-3,노상 주차장,시간제 + 거주자 주차장,유료,야간 미개방
1357,성동구 마장동 777-3,노상 주차장,시간제 + 거주자 주차장,유료,야간 미개방
1358,성동구 마장동 777-3,노상 주차장,시간제 + 거주자 주차장,유료,야간 미개방
1359,성동구 마장동 777-3,노상 주차장,시간제 + 거주자 주차장,유료,야간 미개방
1360,성동구 마장동 777-3,노상 주차장,시간제 + 거주자 주차장,유료,야간 미개방
1361,성동구 마장동 777-3,노상 주차장,시간제 + 거주자 주차장,유료,야간 미개방
1362,성동구 마장동 777-3,노상 주차장,시간제 + 거주자 주차장,유료,야간 미개방
1363,성동구 마장동 777-3,노상 주차장,시간제 + 거주자 주차장,유료,야간 미개방
1364,성동구 마장동 777-3,노상 주차장,시간제 + 거주자 주차장,유료,야간 미개방
1365,성동구 마장동 777-3,노상 주차장,시간제 + 거주자 주차장,유료,야간 미개방
1366,성동구 마장동 777-3,노상 주차장,시간제 + 거주자 주차장,유료,야간 미개방
1367,성동구 마장동 777-3,노상 주차장,시간제 + 거주자 주차장,유료,야간 미개방
1368,성동구 마장동 777-3,노상 주차장,시간제 + 거주자 주차장,유료,야간 미개방
1369,성동구 마장동 777-3,노상 주차장,시간제 + 거주자 주차장,유료,야간 미개방
1370,성동구 마장동 777-3,노상 주차장,시간제 + 거주자 주차장,유료,야간 미개방
1371,성동구 마장동 777-3,노상 주차장,시간제 + 거주자 주차장,유료,야간 미개방
1372,성동구 마장동 777-3,노상 주차장,시간제 + 거주자 주차장,유료,야간 미개방
1373,성동구 마장동 777-3,노상 주차장,시간제 + 거주자 주차장,유료,야간 미개방
1374,성동구 마장동 777-3,노상 주차장,시간제 + 거주자 주차장,유료,야간 미개방
1375,성동구 마장동 456-3,노상 주차장,시간제 + 거주자 주차장,유료,야간 미개방
1376,성동구 마장동 456-3,노상 주차장,시간제 + 거주자 주차장,유료,야간 미개방
1377,성동구 마장동 456-3,노상 주차장,시간제 + 거주자 주차장,유료,야간 미개방
1378,성동구 마장동 456-3,노상 주차장,시간제 + 거주자 주차장,유료,야간 미개방
1379,성동구 마장동 456-3,노상 주차장,시간제 + 거주자 주차장,유료,야간 미개방
1380,성동구 마장동 456-3,노상 주차장,시간제 + 거주자 주차장,유료,야간 미개방
1381,성동구 마장동 456-3,노상 주차장,시간제 + 거주자 주차장,유료,야간 미개방
1382,성동구 마장동 456-3,노상 주차장,시간제 + 거주자 주차장,유료,야간 미개방
1383,성동구 마장동 456-3,노상 주차장,시간제 + 거주자 주차장,유료,야간 미개방
1384,성동구 마장동 456-3,노상 주차장,시간제 + 거주자 주차장,유료,야간 미개방
1385,성동구 마장동 456-3,노상 주차장,시간제 + 거주자 주차장,유료,야간 미개방
1386,성동구 마장동 456-3,노상 주차장,시간제 + 거주자 주차장,유료,야간 미개방
1387,성동구 마장동 456-3,노상 주차장,시간제 + 거주자 주차장,유료,야간 미개방
1388,성동구 마장동 456-3,노상 주차장,시간제 + 거주자 주차장,유료,야간 미개방
1389,성동구 마장동 456-3,노상 주차장,시간제 + 거주자 주차장,유료,야간 미개방
1390,성동구 마장동 456-3,노상 주차장,시간제 + 거주자 주차장,유료,야간 미개방
1391,성동구 마장동 456-3,노상 주차장,시간제 + 거주자 주차장,유료,야간 미개방
1392,성동구 마장동 456-3,노상 주차장,시간제 + 거주자 주차장,유료,야간 미개방
1393,성동구 마장동 456-3,노상 주차장,시간제 + 거주자 주차장,유료,야간 미개방
1394,성동구 마장동 456-3,노상 주차장,시간제 + 거주자 주차장,유료,야간 미개방
1395,성동구 마장동 456-3,노상 주차장,시간제 + 거주자 주차장,유료,야간 미개방
1396,성동구 마장동 456-3,노상 주차장,시간제 + 거주자 주차장,유료,야간 미개방
1397,성동구 마장동 456-3,노상 주차장,시간제 + 거주자 주차장,유료,야간 미개방
1398,성동구 마장동 456-3,노상 주차장,시간제 + 거주자 주차장,유료,야간 미개방
1399,성동구 마장동 456-3,노상 주차장,시간제 + 거주자 주차장,유료,야간 미개방
1400,성동구 마장동 792-0,노상 주차장,시간제 + 거주자 주차장,유료,야간 미개방
1401,성동구 마장동 792-0,노상 주차장,시간제 + 거주자 주차장,유료,야간 미개방
1402,성동구 마장동 792-0,노상 주차장,시간제 + 거주자 주차장,유료,야간 미개방
1403,성동구 마장동 792-0,노상 주차장,시간제 + 거주자 주차장,유료,야간 미개방
1404,성동구 마장동 792-0,노상 주차장,시간제 + 거주자 주차장,유료,야간 미개방
1405,성동구 마장동 792-0,노상 주차장,시간제 + 거주자 주차장,유료,야간 미개방
1406,성동구 마장동 792-0,노상 주차장,시간제 + 거주자 주차장,유료,야간 미개방
1407,성동구 마장동 792-0,노상 주차장,시간제 + 거주자 주차장,유료,야간 미개방
1408,성동구 마장동 792-0,노상 주차장,시간제 + 거주자 주차장,유료,야간 미개방
1409,성동구 마장동 792-0,노상 주차장,시간제 + 거주자 주차장,유료,야간 미개방
1410,성동구 마장동 792-0,노상 주차장,시간제 + 거주자 주차장,유료,야간 미개방
1411,성동구 마장동 792-0,노상 주차장,시간제 + 거주자 주차장,유료,야간 미개방
1412,성동구 마장동 792-0,노상 주차장,시간제 + 거주자 주차장,유료,야간 미개방
1413,성동구 마장동 792-0,노상 주차장,시간제 + 거주자 주차장,유료,야간 미개방
1414,성동구 마장동 792-0,노상 주차장,시간제 + 거주자 주차장,유료,야간 미개방
1415,성동구 마장동 792-0,노상 주차장,시간제 + 거주자 주차장,유료,야간 미개방
1416,성동구 마장동 792-0,노상 주차장,시간제 + 거주자 주차장,유료,야간 미개방
1417,성동구 마장동 792-0,노상 주차장,시간제 + 거주자 주차장,유료,야간 미개방
1418,성동구 마장동 792-0,노상 주차장,시간제 + 거주자 주차장,유료,야간 미개방
1419,성동구 마장동 792-0,노상 주차장,시간제 + 거주자 주차장,유료,야간 미개방
1420,성동구 마장동 792-0,노상 주차장,시간제 + 거주자 주차장,유료,야간 미개방
1421,성동구 마장동 792-0,노상 주차장,시간제 + 거주자 주차장,유료,야간 미개방
1422,성동구 마장동 792-0,노상 주차장,시간제 + 거주자 주차장,유료,야간 미개방
1423,성동구 마장동 792-0,노상 주차장,시간제 + 거주자 주차장,유료,야간 미개방
1424,성동구 마장동 792-0,노상 주차장,시간제 + 거주자 주차장,유료,야간 미개방
1425,성동구 마장동 792-0,노상 주차장,시간제 + 거주자 주차장,유료,야간 미개방
1426,성동구 마장동 792-0,노상 주차장,시간제 + 거주자 주차장,유료,야간 미개방
1427,성동구 하왕십리동 258-0,노상 주차장,시간제 + 거주자 주차장,유료,야간 미개방
1428,성동구 하왕십리동 258-0,노상 주차장,시간제 + 거주자 주차장,유료,야간 미개방
1429,성동구 하왕십리동 258-0,노상 주차장,시간제 + 거주자 주차장,유료,야간 미개방
1430,성동구 하왕십리동 258-0,노상 주차장,시간제 + 거주자 주차장,유료,야간 미개방
1431,성동구 하왕십리동 258-0,노상 주차장,시간제 + 거주자 주차장,유료,야간 미개방
1432,성동구 하왕십리동 258-0,노상 주차장,시간제 + 거주자 주차장,유료,야간 미개방
1433,성동구 하왕십리동 258-0,노상 주차장,시간제 + 거주자 주차장,유료,야간 미개방
1434,성동구 하왕십리동 258-0,노상 주차장,시간제 + 거주자 주차장,유료,야간 미개방
1435,성동구 하왕십리동 258-0,노상 주차장,시간제 + 거주자 주차장,유료,야간 미개방
1436,성동구 하왕십리동 258-0,노상 주차장,시간제 + 거주자 주차장,유료,야간 미개방
1437,성동구 하왕십리동 258-0,노상 주차장,시간제 + 거주자 주차장,유료,야간 미개방
1438,성동구 하왕십리동 258-0,노상 주차장,시간제 + 거주자 주차장,유료,야간 미개방
1439,성동구 하왕십리동 258-0,노상 주차장,시간제 + 거주자 주차장,유료,야간 미개방
1440,성동구 하왕십리동 258-0,노상 주차장,시간제 + 거주자 주차장,유료,야간 미개방
1441,성동구 하왕십리동 258-0,노상 주차장,시간제 + 거주자 주차장,유료,야간 미개방
1442,성동구 하왕십리동 258-0,노상 주차장,시간제 + 거주자 주차장,유료,야간 미개방
1443,성동구 하왕십리동 258-0,노상 주차장,시간제 + 거주자 주차장,유료,야간 미개방
1444,성동구 하왕십리동 258-0,노상 주차장,시간제 + 거주자 주차장,유료,야간 미개방
1445,성동구 하왕십리동 258-0,노상 주차장,시간제 + 거주자 주차장,유료,야간 미개방
1446,성동구 하왕십리동 258-0,노상 주차장,시간제 + 거주자 주차장,유료,야간 미개방
1447,성동구 하왕십리동 258-0,노상 주차장,시간제 + 거주자 주차장,유료,야간 미개방
1448,성동구 하왕십리동 258-0,노상 주차장,시간제 + 거주자 주차장,유료,야간 미개방
1449,성동구 마장동 460-22,노상 주차장,시간제 + 거주자 주차장,유료,야간 미개방
1450,성동구 마장동 460-22,노상 주차장,시간제 + 거주자 주차장,유료,야간 미개방
1451,성동구 마장동 460-22,노상 주차장,시간제 + 거주자 주차장,유료,야간 미개방
1452,성동구 마장동 460-22,노상 주차장,시간제 + 거주자 주차장,유료,야간 미개방
1453,성동구 마장동 460-22,노상 주차장,시간제 + 거주자 주차장,유료,야간 미개방
1454,성동구 마장동 460-22,노상 주차장,시간제 + 거주자 주차장,유료,야간 미개방
1455,성동구 마장동 460-22,노상 주차장,시간제 + 거주자 주차장,유료,야간 미개방
1456,성동구 마장동 460-22,노상 주차장,시간제 + 거주자 주차장,유료,야간 미개방
1457,성동구 마장동 460-22,노상 주차장,시간제 + 거주자 주차장,유료,야간 미개방
1458,성동구 사근동 190-62,노상 주차장,시간제 + 거주자 주차장,유료,야간 미개방
1459,성동구 사근동 190-62,노상 주차장,시간제 + 거주자 주차장,유료,야간 미개방
1460,성동구 사근동 190-62,노상 주차장,시간제 + 거주자 주차장,유료,야간 미개방
1461,성동구 사근동 190-62,노상 주차장,시간제 + 거주자 주차장,유료,야간 미개방
1462,성동구 사근동 190-62,노상 주차장,시간제 + 거주자 주차장,유료,야간 미개방
1463,성동구 사근동 190-62,노상 주차장,시간제 + 거주자 주차장,유료,야간 미개방
1464,성동구 사근동 190-62,노상 주차장,시간제 + 거주자 주차장,유료,야간 미개방
1465,성동구 사근동 190-62,노상 주차장,시간제 + 거주자 주차장,유료,야간 미개방
1466,성동구 사근동 190-62,노상 주차장,시간제 + 거주자 주차장,유료,야간 미개방
1467,성동구 행당동 317-31,노상 주차장,시간제 + 거주자 주차장,유료,야간 미개방
1468,성동구 행당동 317-31,노상 주차장,시간제 + 거주자 주차장,유료,야간 미개방
1469,성동구 행당동 317-31,노상 주차장,시간제 + 거주자 주차장,유료,야간 미개방
1470,성동구 행당동 317-31,노상 주차장,시간제 + 거주자 주차장,유료,야간 미개방
1471,성동구 행당동 317-31,노상 주차장,시간제 + 거주자 주차장,유료,야간 미개방
1472,성동구 행당동 317-31,노상 주차장,시간제 + 거주자 주차장,유료,야간 미개방
1473,성동구 행당동 317-31,노상 주차장,시간제 + 거주자 주차장,유료,야간 미개방
1474,성동구 행당동 317-31,노상 주차장,시간제 + 거주자 주차장,유료,야간 미개방
1475,성동구 행당동 317-31,노상 주차장,시간제 + 거주자 주차장,유료,야간 미개방
1476,성동구 행당동 139-0,노상 주차장,시간제 + 거주자 주차장,유료,야간 미개방
1477,성동구 행당동 139-0,노상 주차장,시간제 + 거주자 주차장,유료,야간 미개방
1478,성동구 행당동 139-0,노상 주차장,시간제 + 거주자 주차장,유료,야간 미개방
1479,성동구 행당동 139-0,노상 주차장,시간제 + 거주자 주차장,유료,야간 미개방
1480,성동구 행당동 139-0,노상 주차장,시간제 + 거주자 주차장,유료,야간 미개방
1481,성동구 행당동 139-0,노상 주차장,시간제 + 거주자 주차장,유료,야간 미개방
1482,성동구 행당동 139-0,노상 주차장,시간제 + 거주자 주차장,유료,야간 미개방
1483,성동구 행당동 139-0,노상 주차장,시간제 + 거주자 주차장,유료,야간 미개방
1484,성동구 마장동 497-2,노상 주차장,시간제 + 거주자 주차장,유료,야간 미개방
1485,성동구 마장동 497-2,노상 주차장,시간제 + 거주자 주차장,유료,야간 미개방
1486,성동구 마장동 497-2,노상 주차장,시간제 + 거주자 주차장,유료,야간 미개방
1487,성동구 마장동 497-2,노상 주차장,시간제 + 거주자 주차장,유료,야간 미개방
1488,성동구 마장동 497-2,노상 주차장,시간제 + 거주자 주차장,유료,야간 미개방
1489,성동구 마장동 497-2,노상 주차장,시간제 + 거주자 주차장,유료,야간 미개방
1490,성동구 마장동 459-6,노상 주차장,시간제 + 거주자 주차장,유료,야간 미개방
1491,성동구 마장동 459-6,노상 주차장,시간제 + 거주자 주차장,유료,야간 미개방
1492,성동구 마장동 459-6,노상 주차장,시간제 + 거주자 주차장,유료,야간 미개방
1493,성동구 마장동 459-6,노상 주차장,시간제 + 거주자 주차장,유료,야간 미개방
1494,성동구 마장동 459-6,노상 주차장,시간제 + 거주자 주차장,유료,야간 미개방
1495,성동구 마장동 459-6,노상 주차장,시간제 + 거주자 주차장,유료,야간 미개방
1496,성동구 마장동 459-6,노상 주차장,시간제 + 거주자 주차장,유료,야간 미개방
1497,성동구 마장동 459-6,노상 주차장,시간제 + 거주자 주차장,유료,야간 미개방
1498,성동구 마장동 459-6,노상 주차장,시간제 + 거주자 주차장,유료,야간 미개방
1499,성동구 마장동 459-6,노상 주차장,시간제 + 거주자 주차장,유료,야간 미개방
1500,성동구 마장동 459-6,노상 주차장,시간제 + 거주자 주차장,유료,야간 미개방
1501,성동구 마장동 459-6,노상 주차장,시간제 + 거주자 주차장,유료,야간 미개방
1502,성동구 마장동 459-6,노상 주차장,시간제 + 거주자 주차장,유료,야간 미개방
1503,성동구 마장동 459-6,노상 주차장,시간제 + 거주자 주차장,유료,야간 미개방
1504,성동구 마장동 459-6,노상 주차장,시간제 + 거주자 주차장,유료,야간 미개방
1505,성동구 마장동 767-62,노상 주차장,시간제 + 거주자 주차장,유료,야간 미개방
1506,성동구 마장동 767-62,노상 주차장,시간제 + 거주자 주차장,유료,야간 미개방
1507,성동구 마장동 767-62,노상 주차장,시간제 + 거주자 주차장,유료,야간 미개방
1508,성동구 마장동 767-62,노상 주차장,시간제 + 거주자 주차장,유료,야간 미개방
1509,성동구 마장동 767-62,노상 주차장,시간제 + 거주자 주차장,유료,야간 미개방
1510,성동구 마장동 767-62,노상 주차장,시간제 + 거주자 주차장,유료,야간 미개방
1511,성동구 마장동 767-62,노상 주차장,시간제 + 거주자 주차장,유료,야간 미개방
1512,성동구 마장동 767-62,노상 주차장,시간제 + 거주자 주차장,유료,야간 미개방
1513,성동구 마장동 767-62,노상 주차장,시간제 + 거주자 주차장,유료,야간 미개방
1514,성동구 마장동 767-62,노상 주차장,시간제 + 거주자 주차장,유료,야간 미개방
1515,성동구 마장동 767-62,노상 주차장,시간제 + 거주자 주차장,유료,야간 미개방
1516,성동구 마장동 767-62,노상 주차장,시간제 + 거주자 주차장,유료,야간 미개방
1517,성동구 마장동 767-62,노상 주차장,시간제 + 거주자 주차장,유료,야간 미개방
1518,성동구 마장동 767-62,노상 주차장,시간제 + 거주자 주차장,유료,야간 미개방
1519,성동구 마장동 767-62,노상 주차장,시간제 + 거주자 주차장,유료,야간 미개방
1520,성동구 마장동 767-62,노상 주차장,시간제 + 거주자 주차장,유료,야간 미개방
1521,성동구 마장동 767-62,노상 주차장,시간제 + 거주자 주차장,유료,야간 미개방
1522,성동구 마장동 399-58,노상 주차장,시간제 + 거주자 주차장,유료,야간 미개방
1523,성동구 마장동 399-58,노상 주차장,시간제 + 거주자 주차장,유료,야간 미개방
1524,성동구 마장동 399-58,노상 주차장,시간제 + 거주자 주차장,유료,야간 미개방
1525,성동구 마장동 399-58,노상 주차장,시간제 + 거주자 주차장,유료,야간 미개방
1526,성동구 마장동 399-58,노상 주차장,시간제 + 거주자 주차장,유료,야간 미개방
1527,성동구 마장동 399-58,노상 주차장,시간제 + 거주자 주차장,유료,야간 미개방
1528,성동구 마장동 399-58,노상 주차장,시간제 + 거주자 주차장,유료,야간 미개방
1529,성동구 마장동 399-58,노상 주차장,시간제 + 거주자 주차장,유료,야간 미개방
1530,성동구 마장동 399-58,노상 주차장,시간제 + 거주자 주차장,유료,야간 미개방
1531,성동구 마장동 399-58,노상 주차장,시간제 + 거주자 주차장,유료,야간 미개방
1532,성동구 마장동 399-58,노상 주차장,시간제 + 거주자 주차장,유료,야간 미개방
1533,성동구 마장동 399-58,노상 주차장,시간제 + 거주자 주차장,유료,야간 미개방
1534,성동구 마장동 399-58,노상 주차장,시간제 + 거주자 주차장,유료,야간 미개방
1535,성동구 마장동 399-58,노상 주차장,시간제 + 거주자 주차장,유료,야간 미개방
1536,성동구 마장동 399-58,노상 주차장,시간제 + 거주자 주차장,유료,야간 미개방
1537,성동구 행당동 345-0,노상 주차장,시간제 + 거주자 주차장,유료,야간 미개방
1538,성동구 행당동 345-0,노상 주차장,시간제 + 거주자 주차장,유료,야간 미개방
1539,성동구 행당동 345-0,노상 주차장,시간제 + 거주자 주차장,유료,야간 미개방
1540,성동구 행당동 345-0,노상 주차장,시간제 + 거주자 주차장,유료,야간 미개방
1541,성동구 행당동 345-0,노상 주차장,시간제 + 거주자 주차장,유료,야간 미개방
1542,성동구 행당동 345-0,노상 주차장,시간제 + 거주자 주차장,유료,야간 미개방
1543,성동구 행당동 345-0,노상 주차장,시간제 + 거주자 주차장,유료,야간 미개방
1544,성동구 행당동 345-0,노상 주차장,시간제 + 거주자 주차장,유료,야간 미개방
1545,성동구 행당동 345-0,노상 주차장,시간제 + 거주자 주차장,유료,야간 미개방
1546,성동구 행당동 345-0,노상 주차장,시간제 + 거주자 주차장,유료,야간 미개방
1547,성동구 행당동 345-0,노상 주차장,시간제 + 거주자 주차장,유료,야간 미개방
1548,성동구 행당동 345-0,노상 주차장,시간제 + 거주자 주차장,유료,야간 미개방
1549,성동구 행당동 345-0,노상 주차장,시간제 + 거주자 주차장,유료,야간 미개방
1550,성동구 행당동 345-0,노상 주차장,시간제 + 거주자 주차장,유료,야간 미개방
1551,성동구 행당동 345-0,노상 주차장,시간제 + 거주자 주차장,유료,야간 미개방
1552,성동구 행당동 345-0,노상 주차장,시간제 + 거주자 주차장,유료,야간 미개방
1553,성동구 마장동 794-2,노상 주차장,시간제 + 거주자 주차장,유료,야간 미개방
1554,성동구 마장동 794-2,노상 주차장,시간제 + 거주자 주차장,유료,야간 미개방
1555,성동구 마장동 794-2,노상 주차장,시간제 + 거주자 주차장,유료,야간 미개방
1556,성동구 마장동 794-2,노상 주차장,시간제 + 거주자 주차장,유료,야간 미개방
1557,성동구 하왕십리동 970-71,노상 주차장,시간제 + 거주자 주차장,유료,야간 미개방
1558,성동구 하왕십리동 970-71,노상 주차장,시간제 + 거주자 주차장,유료,야간 미개방
1559,성동구 하왕십리동 970-71,노상 주차장,시간제 + 거주자 주차장,유료,야간 미개방
1560,성동구 하왕십리동 970-71,노상 주차장,시간제 + 거주자 주차장,유료,야간 미개방
1561,성동구 하왕십리동 970-71,노상 주차장,시간제 + 거주자 주차장,유료,야간 미개방
1562,성동구 하왕십리동 970-71,노상 주차장,시간제 + 거주자 주차장,유료,야간 미개방
1563,성동구 마장동 514-2,노상 주차장,시간제 + 거주자 주차장,유료,야간 미개방
1564,성동구 마장동 514-2,노상 주차장,시간제 + 거주자 주차장,유료,야간 미개방
1565,성동구 마장동 514-2,노상 주차장,시간제 + 거주자 주차장,유료,야간 미개방
1566,성동구 마장동 514-2,노상 주차장,시간제 + 거주자 주차장,유료,야간 미개방
1567,성동구 마장동 514-2,노상 주차장,시간제 + 거주자 주차장,유료,야간 미개방
1568,성동구 마장동 514-2,노상 주차장,시간제 + 거주자 주차장,유료,야간 미개방
1569,성동구 마장동 514-2,노상 주차장,시간제 + 거주자 주차장,유료,야간 미개방
1570,성동구 마장동 514-2,노상 주차장,시간제 + 거주자 주차장,유료,야간 미개방
1571,성동구 마장동 514-2,노상 주차장,시간제 + 거주자 주차장,유료,야간 미개방
1572,성동구 마장동 514-2,노상 주차장,시간제 + 거주자 주차장,유료,야간 미개방
1573,성동구 마장동 514-2,노상 주차장,시간제 + 거주자 주차장,유료,야간 미개방
1574,성동구 마장동 514-2,노상 주차장,시간제 + 거주자 주차장,유료,야간 미개방
1575,성동구 마장동 514-2,노상 주차장,시간제 + 거주자 주차장,유료,야간 미개방
1576,성동구 마장동 514-2,노상 주차장,시간제 + 거주자 주차장,유료,야간 미개방
1577,성동구 마장동 514-2,노상 주차장,시간제 + 거주자 주차장,유료,야간 미개방
1578,성동구 마장동 514-2,노상 주차장,시간제 + 거주자 주차장,유료,야간 미개방
1579,성동구 마장동 514-2,노상 주차장,시간제 + 거주자 주차장,유료,야간 미개방
1580,성동구 마장동 514-2,노상 주차장,시간제 + 거주자 주차장,유료,야간 미개방
1581,성동구 마장동 514-2,노상 주차장,시간제 + 거주자 주차장,유료,야간 미개방
1582,성동구 마장동 514-2,노상 주차장,시간제 + 거주자 주차장,유료,야간 미개방
1583,성동구 마장동 514-2,노상 주차장,시간제 + 거주자 주차장,유료,야간 미개방
1584,성동구 마장동 514-2,노상 주차장,시간제 + 거주자 주차장,유료,야간 미개방
1585,성동구 마장동 514-2,노상 주차장,시간제 + 거주자 주차장,유료,야간 미개방
1586,성동구 마장동 514-2,노상 주차장,시간제 + 거주자 주차장,유료,야간 미개방
1587,성동구 마장동 514-2,노상 주차장,시간제 + 거주자 주차장,유료,야간 미개방
1588,성동구 마장동 514-2,노상 주차장,시간제 + 거주자 주차장,유료,야간 미개방
1589,성동구 마장동 514-2,노상 주차장,시간제 + 거주자 주차장,유료,야간 미개방
1590,성동구 마장동 514-2,노상 주차장,시간제 + 거주자 주차장,유료,야간 미개방
1591,성동구 마장동 514-2,노상 주차장,시간제 + 거주자 주차장,유료,야간 미개방
1592,성동구 마장동 514-2,노상 주차장,시간제 + 거주자 주차장,유료,야간 미개방
1593,성동구 마장동 514-2,노상 주차장,시간제 + 거주자 주차장,유료,야간 미개방
1594,성동구 마장동 514-2,노상 주차장,시간제 + 거주자 주차장,유료,야간 미개방
1595,성동구 마장동 514-2,노상 주차장,시간제 + 거주자 주차장,유료,야간 미개방
1596,성동구 마장동 514-2,노상 주차장,시간제 + 거주자 주차장,유료,야간 미개방
1597,성동구 마장동 514-2,노상 주차장,시간제 + 거주자 주차장,유료,야간 미개방
1598,성동구 마장동 514-2,노상 주차장,시간제 + 거주자 주차장,유료,야간 미개방
1599,성동구 마장동 514-2,노상 주차장,시간제 + 거주자 주차장,유료,야간 미개방
1600,성동구 마장동 514-2,노상 주차장,시간제 + 거주자 주차장,유료,야간 미개방
1601,성동구 마장동 514-2,노상 주차장,시간제 + 거주자 주차장,유료,야간 미개방
1602,성동구 마장동 514-2,노상 주차장,시간제 + 거주자 주차장,유료,야간 미개방
1603,성동구 마장동 514-2,노상 주차장,시간제 + 거주자 주차장,유료,야간 미개방
1604,성동구 마장동 769-3,노상 주차장,시간제 + 거주자 주차장,유료,야간 미개방
1605,성동구 마장동 769-3,노상 주차장,시간제 + 거주자 주차장,유료,야간 미개방
1606,성동구 마장동 769-3,노상 주차장,시간제 + 거주자 주차장,유료,야간 미개방
1607,성동구 마장동 769-3,노상 주차장,시간제 + 거주자 주차장,유료,야간 미개방
1608,성동구 마장동 769-3,노상 주차장,시간제 + 거주자 주차장,유료,야간 미개방
1609,성동구 마장동 769-3,노상 주차장,시간제 + 거주자 주차장,유료,야간 미개방
1610,성동구 마장동 769-3,노상 주차장,시간제 + 거주자 주차장,유료,야간 미개방
1611,성동구 하왕십리동 978-2,노상 주차장,시간제 + 거주자 주차장,유료,야간 미개방
1612,성동구 하왕십리동 978-2,노상 주차장,시간제 + 거주자 주차장,유료,야간 미개방
1613,성동구 하왕십리동 978-2,노상 주차장,시간제 + 거주자 주차장,유료,야간 미개방
1614,성동구 하왕십리동 978-2,노상 주차장,시간제 + 거주자 주차장,유료,야간 미개방
1615,성동구 하왕십리동 978-2,노상 주차장,시간제 + 거주자 주차장,유료,야간 미개방
1616,성동구 하왕십리동 978-2,노상 주차장,시간제 + 거주자 주차장,유료,야간 미개방
1617,성동구 하왕십리동 978-2,노상 주차장,시간제 + 거주자 주차장,유료,야간 미개방
1618,성동구 마장동 797-15,노상 주차장,시간제 + 거주자 주차장,유료,야간 미개방
1619,성동구 마장동 797-15,노상 주차장,시간제 + 거주자 주차장,유료,야간 미개방
1620,성동구 마장동 797-15,노상 주차장,시간제 + 거주자 주차장,유료,야간 미개방
1621,성동구 마장동 797-15,노상 주차장,시간제 + 거주자 주차장,유료,야간 미개방
1622,성동구 마장동 797-15,노상 주차장,시간제 + 거주자 주차장,유료,야간 미개방
1623,성동구 마장동 797-15,노상 주차장,시간제 + 거주자 주차장,유료,야간 미개방
1624,성동구 마장동 797-15,노상 주차장,시간제 + 거주자 주차장,유료,야간 미개방
1625,성동구 마장동 797-15,노상 주차장,시간제 + 거주자 주차장,유료,야간 미개방
1626,성동구 마장동 797-15,노상 주차장,시간제 + 거주자 주차장,유료,야간 미개방
1627,성동구 마장동 797-15,노상 주차장,시간제 + 거주자 주차장,유료,야간 미개방
1628,성동구 마장동 797-15,노상 주차장,시간제 + 거주자 주차장,유료,야간 미개방
1629,성동구 마장동 797-15,노상 주차장,시간제 + 거주자 주차장,유료,야간 미개방
1630,성동구 마장동 797-15,노상 주차장,시간제 + 거주자 주차장,유료,야간 미개방
1631,성동구 마장동 797-15,노상 주차장,시간제 + 거주자 주차장,유료,야간 미개방
1632,성동구 마장동 797-15,노상 주차장,시간제 + 거주자 주차장,유료,야간 미개방
1633,성동구 마장동 797-15,노상 주차장,시간제 + 거주자 주차장,유료,야간 미개방
1634,성동구 마장동 797-15,노상 주차장,시간제 + 거주자 주차장,유료,야간 미개방
1635,성동구 마장동 797-15,노상 주차장,시간제 + 거주자 주차장,유료,야간 미개방
1636,성동구 마장동 797-15,노상 주차장,시간제 + 거주자 주차장,유료,야간 미개방
1637,성동구 마장동 797-15,노상 주차장,시간제 + 거주자 주차장,유료,야간 미개방
1638,성동구 마장동 797-15,노상 주차장,시간제 + 거주자 주차장,유료,야간 미개방
1639,성동구 마장동 797-15,노상 주차장,시간제 + 거주자 주차장,유료,야간 미개방
1640,성동구 마장동 797-15,노상 주차장,시간제 + 거주자 주차장,유료,야간 미개방
1641,성동구 마장동 797-15,노상 주차장,시간제 + 거주자 주차장,유료,야간 미개방
1642,성동구 마장동 797-15,노상 주차장,시간제 + 거주자 주차장,유료,야간 미개방
1643,성동구 마장동 797-15,노상 주차장,시간제 + 거주자 주차장,유료,야간 미개방
1644,성동구 마장동 797-15,노상 주차장,시간제 + 거주자 주차장,유료,야간 미개방
1645,성동구 마장동 797-15,노상 주차장,시간제 + 거주자 주차장,유료,야간 미개방
1646,성동구 마장동 797-15,노상 주차장,시간제 + 거주자 주차장,유료,야간 미개방
1647,성동구 마장동 797-15,노상 주차장,시간제 + 거주자 주차장,유료,야간 미개방
1648,성동구 마장동 797-15,노상 주차장,시간제 + 거주자 주차장,유료,야간 미개방
1649,성동구 마장동 797-15,노상 주차장,시간제 + 거주자 주차장,유료,야간 미개방
1650,성동구 마장동 797-15,노상 주차장,시간제 + 거주자 주차장,유료,야간 미개방
1651,성동구 마장동 797-15,노상 주차장,시간제 + 거주자 주차장,유료,야간 미개방
1652,성동구 마장동 797-15,노상 주차장,시간제 + 거주자 주차장,유료,야간 미개방
1653,성동구 마장동 797-15,노상 주차장,시간제 + 거주자 주차장,유료,야간 미개방
1654,성동구 마장동 797-15,노상 주차장,시간제 + 거주자 주차장,유료,야간 미개방
1655,성동구 마장동 797-15,노상 주차장,시간제 + 거주자 주차장,유료,야간 미개방
1656,성동구 마장동 797-15,노상 주차장,시간제 + 거주자 주차장,유료,야간 미개방
1657,성동구 마장동 797-15,노상 주차장,시간제 + 거주자 주차장,유료,야간 미개방
1658,성동구 마장동 797-15,노상 주차장,시간제 + 거주자 주차장,유료,야간 미개방
1659,성동구 마장동 797-15,노상 주차장,시간제 + 거주자 주차장,유료,야간 미개방
1660,성동구 마장동 797-15,노상 주차장,시간제 + 거주자 주차장,유료,야간 미개방
1661,성동구 마장동 797-15,노상 주차장,시간제 + 거주자 주차장,유료,야간 미개방
1662,성동구 마장동 797-15,노상 주차장,시간제 + 거주자 주차장,유료,야간 미개방
1663,성동구 마장동 797-15,노상 주차장,시간제 + 거주자 주차장,유료,야간 미개방
1664,성동구 마장동 797-15,노상 주차장,시간제 + 거주자 주차장,유료,야간 미개방
1665,성동구 마장동 818-0,노상 주차장,시간제 + 거주자 주차장,유료,야간 미개방
1666,성동구 마장동 818-0,노상 주차장,시간제 + 거주자 주차장,유료,야간 미개방
1667,성동구 마장동 818-0,노상 주차장,시간제 + 거주자 주차장,유료,야간 미개방
1668,성동구 마장동 818-0,노상 주차장,시간제 + 거주자 주차장,유료,야간 미개방
1669,성동구 마장동 818-0,노상 주차장,시간제 + 거주자 주차장,유료,야간 미개방
1670,성동구 마장동 818-0,노상 주차장,시간제 + 거주자 주차장,유료,야간 미개방
1671,성동구 마장동 818-0,노상 주차장,시간제 + 거주자 주차장,유료,야간 미개방
1672,성동구 마장동 818-0,노상 주차장,시간제 + 거주자 주차장,유료,야간 미개방
1673,성동구 마장동 818-0,노상 주차장,시간제 + 거주자 주차장,유료,야간 미개방
1674,성동구 마장동 818-0,노상 주차장,시간제 + 거주자 주차장,유료,야간 미개방
1675,성동구 마장동 818-0,노상 주차장,시간제 + 거주자 주차장,유료,야간 미개방
1676,성동구 마장동 818-0,노상 주차장,시간제 + 거주자 주차장,유료,야간 미개방
1677,성동구 마장동 818-0,노상 주차장,시간제 + 거주자 주차장,유료,야간 미개방
1678,성동구 마장동 818-0,노상 주차장,시간제 + 거주자 주차장,유료,야간 미개방
1679,성동구 마장동 818-0,노상 주차장,시간제 + 거주자 주차장,유료,야간 미개방
1680,성동구 마장동 818-0,노상 주차장,시간제 + 거주자 주차장,유료,야간 미개방
1681,성동구 행당동 381-6,노상 주차장,시간제 + 거주자 주차장,유료,야간 미개방
1682,성동구 행당동 381-6,노상 주차장,시간제 + 거주자 주차장,유료,야간 미개방
1683,성동구 행당동 381-6,노상 주차장,시간제 + 거주자 주차장,유료,야간 미개방
1684,성동구 행당동 381-6,노상 주차장,시간제 + 거주자 주차장,유료,야간 미개방
1685,성동구 행당동 381-6,노상 주차장,시간제 + 거주자 주차장,유료,야간 미개방
1686,성동구 행당동 381-6,노상 주차장,시간제 + 거주자 주차장,유료,야간 미개방
1687,성동구 행당동 381-6,노상 주차장,시간제 + 거주자 주차장,유료,야간 미개방
1688,성동구 행당동 381-6,노상 주차장,시간제 + 거주자 주차장,유료,야간 미개방
1689,성동구 행당동 381-6,노상 주차장,시간제 + 거주자 주차장,유료,야간 미개방
1690,성동구 행당동 381-6,노상 주차장,시간제 + 거주자 주차장,유료,야간 미개방
1691,성동구 행당동 381-6,노상 주차장,시간제 + 거주자 주차장,유료,야간 미개방
1692,성동구 행당동 381-6,노상 주차장,시간제 + 거주자 주차장,유료,야간 미개방
1693,성동구 행당동 381-6,노상 주차장,시간제 + 거주자 주차장,유료,야간 미개방
1694,성동구 행당동 381-6,노상 주차장,시간제 + 거주자 주차장,유료,야간 미개방
1695,성동구 행당동 381-6,노상 주차장,시간제 + 거주자 주차장,유료,야간 미개방
1696,성동구 행당동 381-6,노상 주차장,시간제 + 거주자 주차장,유료,야간 미개방
1697,성동구 행당동 381-6,노상 주차장,시간제 + 거주자 주차장,유료,야간 미개방
1698,성동구 행당동 381-6,노상 주차장,시간제 + 거주자 주차장,유료,야간 미개방
1699,성동구 행당동 381-6,노상 주차장,시간제 + 거주자 주차장,유료,야간 미개방
1700,성동구 행당동 381-6,노상 주차장,시간제 + 거주자 주차장,유료,야간 미개방
1701,성동구 행당동 381-6,노상 주차장,시간제 + 거주자 주차장,유료,야간 미개방
1702,성동구 행당동 381-6,노상 주차장,시간제 + 거주자 주차장,유료,야간 미개방
1703,영등포구 대림동 711-0,노상 주차장,시간제 + 거주자 주차장,유료,야간 미개방
1704,영등포구 대림동 711-0,노상 주차장,시간제 + 거주자 주차장,유료,야간 미개방
1705,영등포구 대림동 736-3 ,노상 주차장,시간제 + 거주자 주차장,유료,야간 미개방
1706,영등포구 대림동 736-3 ,노상 주차장,시간제 + 거주자 주차장,유료,야간 미개방
1707,영등포구 대림동 736-3 ,노상 주차장,시간제 + 거주자 주차장,유료,야간 미개방
1708,영등포구 대림동 736-3 ,노상 주차장,시간제 + 거주자 주차장,유료,야간 미개방
1709,영등포구 대림동 736-3 ,노상 주차장,시간제 + 거주자 주차장,유료,야간 미개방
1710,영등포구 대림동 736-3 ,노상 주차장,시간제 + 거주자 주차장,유료,야간 미개방
1711,영등포구 대림동 736-3 ,노상 주차장,시간제 + 거주자 주차장,유료,야간 미개방
1712,영등포구 대림동 736-3 ,노상 주차장,시간제 + 거주자 주차장,유료,야간 미개방
1713,영등포구 대림동 736-3 ,노상 주차장,시간제 + 거주자 주차장,유료,야간 미개방
1714,영등포구 대림동 736-3 ,노상 주차장,시간제 + 거주자 주차장,유료,야간 미개방
1715,영등포구 대림동 736-3 ,노상 주차장,시간제 + 거주자 주차장,유료,야간 미개방
1716,영등포구 대림동 736-3 ,노상 주차장,시간제 + 거주자 주차장,유료,야간 미개방
1717,영등포구 대림동 736-3 ,노상 주차장,시간제 + 거주자 주차장,유료,야간 미개방
1718,영등포구 대림동 736-3 ,노상 주차장,시간제 + 거주자 주차장,유료,야간 미개방
1719,영등포구 대림동 736-3 ,노상 주차장,시간제 + 거주자 주차장,유료,야간 미개방
1720,영등포구 대림동 736-3 ,노상 주차장,시간제 + 거주자 주차장,유료,야간 미개방
1721,영등포구 대림동 736-3 ,노상 주차장,시간제 + 거주자 주차장,유료,야간 미개방
1722,영등포구 대림동 736-3 ,노상 주차장,시간제 + 거주자 주차장,유료,야간 미개방
1723,영등포구 대림동 736-3 ,노상 주차장,시간제 + 거주자 주차장,유료,야간 미개방
1724,영등포구 대림동 736-3 ,노상 주차장,시간제 + 거주자 주차장,유료,야간 미개방
1725,영등포구 대림동 736-3 ,노상 주차장,시간제 + 거주자 주차장,유료,야간 미개방
1726,영등포구 대림동 736-3 ,노상 주차장,시간제 + 거주자 주차장,유료,야간 미개방
1727,영등포구 대림동 736-3 ,노상 주차장,시간제 + 거주자 주차장,유료,야간 미개방
1728,영등포구 대림동 736-3 ,노상 주차장,시간제 + 거주자 주차장,유료,야간 미개방
1729,영등포구 대림동 736-3 ,노상 주차장,시간제 + 거주자 주차장,유료,야간 미개방
1730,영등포구 대림동 736-3 ,노상 주차장,시간제 + 거주자 주차장,유료,야간 미개방
1731,영등포구 대림동 736-3 ,노상 주차장,시간제 + 거주자 주차장,유료,야간 미개방
1732,영등포구 대림동 736-3 ,노상 주차장,시간제 + 거주자 주차장,유료,야간 미개방
1733,영등포구 대림동 736-3 ,노상 주차장,시간제 + 거주자 주차장,유료,야간 미개방
1734,영등포구 대림동 736-3 ,노상 주차장,시간제 + 거주자 주차장,유료,야간 미개방
1735,영등포구 대림동 736-3 ,노상 주차장,시간제 + 거주자 주차장,유료,야간 미개방
1736,영등포구 대림동 736-3 ,노상 주차장,시간제 + 거주자 주차장,유료,야간 미개방
1737,영등포구 대림동 736-3 ,노상 주차장,시간제 + 거주자 주차장,유료,야간 미개방
1738,영등포구 대림동 736-3 ,노상 주차장,시간제 + 거주자 주차장,유료,야간 미개방
1739,영등포구 대림동 736-3 ,노상 주차장,시간제 + 거주자 주차장,유료,야간 미개방
1740,영등포구 대림동 736-3 ,노상 주차장,시간제 + 거주자 주차장,유료,야간 미개방
1741,영등포구 대림동 736-3 ,노상 주차장,시간제 + 거주자 주차장,유료,야간 미개방
1742,영등포구 대림동 736-3 ,노상 주차장,시간제 + 거주자 주차장,유료,야간 미개방
1743,영등포구 대림동 736-3 ,노상 주차장,시간제 + 거주자 주차장,유료,야간 미개방
1744,영등포구 대림동 736-3 ,노상 주차장,시간제 + 거주자 주차장,유료,야간 미개방
1745,영등포구 대림동 736-3 ,노상 주차장,시간제 + 거주자 주차장,유료,야간 미개방
1746,영등포구 대림동 736-3 ,노상 주차장,시간제 + 거주자 주차장,유료,야간 미개방
1747,영등포구 대림동 736-3 ,노상 주차장,시간제 + 거주자 주차장,유료,야간 미개방
1748,영등포구 대림동 736-3 ,노상 주차장,시간제 + 거주자 주차장,유료,야간 미개방
1749,영등포구 대림동 736-3 ,노상 주차장,시간제 + 거주자 주차장,유료,야간 미개방
1750,영등포구 대림동 736-3 ,노상 주차장,시간제 + 거주자 주차장,유료,야간 미개방
1751,영등포구 대림동 736-3 ,노상 주차장,시간제 + 거주자 주차장,유료,야간 미개방
1752,영등포구 대림동 736-3 ,노상 주차장,시간제 + 거주자 주차장,유료,야간 미개방
1753,영등포구 대림동 736-3 ,노상 주차장,시간제 + 거주자 주차장,유료,야간 미개방
1754,영등포구 대림동 736-3 ,노상 주차장,시간제 + 거주자 주차장,유료,야간 미개방
1755,영등포구 대림동 736-3 ,노상 주차장,시간제 + 거주자 주차장,유료,야간 미개방
1756,영등포구 대림동 736-3 ,노상 주차장,시간제 + 거주자 주차장,유료,야간 미개방
1757,영등포구 대림동 736-3 ,노상 주차장,시간제 + 거주자 주차장,유료,야간 미개방
1758,영등포구 대림동 736-3 ,노상 주차장,시간제 + 거주자 주차장,유료,야간 미개방
1759,영등포구 대림동 710-0 ,노상 주차장,시간제 + 거주자 주차장,유료,야간 미개방
1760,영등포구 대림동 710-0 ,노상 주차장,시간제 + 거주자 주차장,유료,야간 미개방
1761,영등포구 대림동 710-0 ,노상 주차장,시간제 + 거주자 주차장,유료,야간 미개방
1762,성동구 성수동1가 366-1,노외 주차장,시간제 주차장,유료,야간 미개방
1763,노원구 중계동 507-0,노외 주차장,시간제 주차장,유료,야간 미개방
1764,은평구 갈현동 9-112,노외 주차장,시간제 주차장,유료,야간 미개방
1765,강서구 방화동 845-0,노외 주차장,시간제 주차장,유료,야간 미개방
1766,강서구 가양동 1488-12,노외 주차장,시간제 주차장,유료,야간 미개방
1767,구로구 고척동 52-54,노외 주차장,시간제 주차장,유료,야간 미개방
1768,금천구 가산동 148-28,노외 주차장,시간제 + 거주자 주차장,유료,야간 미개방
1769,금천구 가산동 614-34,노외 주차장,시간제 주차장,유료,야간 미개방
1770,강남구 개포동 183-2,노외 주차장,시간제 주차장,유료,야간 미개방
1771,강남구 삼성동 113-26,노외 주차장,시간제 주차장,유료,야간 미개방
1772,송파구 가락동 98-1,노외 주차장,시간제 주차장,유료,야간 미개방
1773,성북구 종암동 54-182,노외 주차장,시간제 주차장,유료,야간 미개방
1774,송파구 가락동 80-2,노외 주차장,시간제 주차장,유료,야간 미개방
1775,송파구 거여동 33-16,노외 주차장,시간제 주차장,유료,야간 미개방
1776,구로구 고척동 156,노외 주차장,시간제 주차장,유료,야간 미개방
1777,성동구 홍익동 101-2,노상 주차장,시간제 + 거주자 주차장,유료,야간 미개방
1778,성동구 홍익동 101-2,노상 주차장,시간제 + 거주자 주차장,유료,야간 미개방
1779,성동구 홍익동 101-2,노상 주차장,시간제 + 거주자 주차장,유료,야간 미개방
1780,성동구 홍익동 101-2,노상 주차장,시간제 + 거주자 주차장,유료,야간 미개방
1781,성동구 홍익동 101-2,노상 주차장,시간제 + 거주자 주차장,유료,야간 미개방
1782,성동구 홍익동 101-2,노상 주차장,시간제 + 거주자 주차장,유료,야간 미개방
1783,성동구 홍익동 101-2,노상 주차장,시간제 + 거주자 주차장,유료,야간 미개방
1784,성동구 홍익동 101-2,노상 주차장,시간제 + 거주자 주차장,유료,야간 미개방
1785,성동구 홍익동 101-2,노상 주차장,시간제 + 거주자 주차장,유료,야간 미개방
1786,성동구 홍익동 101-2,노상 주차장,시간제 + 거주자 주차장,유료,야간 미개방
1787,성동구 홍익동 101-2,노상 주차장,시간제 + 거주자 주차장,유료,야간 미개방
1788,성동구 홍익동 101-2,노상 주차장,시간제 + 거주자 주차장,유료,야간 미개방
1789,성동구 홍익동 101-2,노상 주차장,시간제 + 거주자 주차장,유료,야간 미개방
1790,성동구 도선동 12-1,노상 주차장,시간제 + 거주자 주차장,유료,야간 미개방
1791,성동구 도선동 12-1,노상 주차장,시간제 + 거주자 주차장,유료,야간 미개방
1792,성동구 도선동 12-1,노상 주차장,시간제 + 거주자 주차장,유료,야간 미개방
1793,성동구 도선동 12-1,노상 주차장,시간제 + 거주자 주차장,유료,야간 미개방
1794,성동구 도선동 12-1,노상 주차장,시간제 + 거주자 주차장,유료,야간 미개방
1795,성동구 성수동2가 527-0,노상 주차장,시간제 + 거주자 주차장,유료,야간 미개방
1796,성동구 성수동2가 527-0,노상 주차장,시간제 + 거주자 주차장,유료,야간 미개방
1797,성동구 성수동2가 527-0,노상 주차장,시간제 + 거주자 주차장,유료,야간 미개방
1798,성동구 성수동2가 527-0,노상 주차장,시간제 + 거주자 주차장,유료,야간 미개방
1799,성동구 성수동2가 527-0,노상 주차장,시간제 + 거주자 주차장,유료,야간 미개방
1800,성동구 성수동2가 527-0,노상 주차장,시간제 + 거주자 주차장,유료,야간 미개방
1801,성동구 성수동2가 527-0,노상 주차장,시간제 + 거주자 주차장,유료,야간 미개방
1802,성동구 성수동2가 527-0,노상 주차장,시간제 + 거주자 주차장,유료,야간 미개방
1803,성동구 성수동2가 527-0,노상 주차장,시간제 + 거주자 주차장,유료,야간 미개방
1804,성동구 성수동2가 527-0,노상 주차장,시간제 + 거주자 주차장,유료,야간 미개방
1805,성동구 성수동2가 527-0,노상 주차장,시간제 + 거주자 주차장,유료,야간 미개방
1806,성동구 성수동2가 527-0,노상 주차장,시간제 + 거주자 주차장,유료,야간 미개방
1807,성동구 성수동2가 527-0,노상 주차장,시간제 + 거주자 주차장,유료,야간 미개방
1808,성동구 성수동2가 527-0,노상 주차장,시간제 + 거주자 주차장,유료,야간 미개방
1809,성동구 성수동2가 527-0,노상 주차장,시간제 + 거주자 주차장,유료,야간 미개방
1810,성동구 성수동2가 527-0,노상 주차장,시간제 + 거주자 주차장,유료,야간 미개방
1811,성동구 성수동2가 527-0,노상 주차장,시간제 + 거주자 주차장,유료,야간 미개방
1812,성동구 성수동2가 527-0,노상 주차장,시간제 + 거주자 주차장,유료,야간 미개방
1813,성동구 성수동2가 527-0,노상 주차장,시간제 + 거주자 주차장,유료,야간 미개방
1814,성동구 성수동2가 527-0,노상 주차장,시간제 + 거주자 주차장,유료,야간 미개방
1815,성동구 성수동2가 527-0,노상 주차장,시간제 + 거주자 주차장,유료,야간 미개방
1816,성동구 성수동2가 527-0,노상 주차장,시간제 + 거주자 주차장,유료,야간 미개방
1817,성동구 성수동2가 527-0,노상 주차장,시간제 + 거주자 주차장,유료,야간 미개방
1818,성동구 성수동2가 527-0,노상 주차장,시간제 + 거주자 주차장,유료,야간 미개방
1819,성동구 성수동2가 527-0,노상 주차장,시간제 + 거주자 주차장,유료,야간 미개방
1820,성동구 성수동2가 527-0,노상 주차장,시간제 + 거주자 주차장,유료,야간 미개방
1821,성동구 성수동2가 527-0,노상 주차장,시간제 + 거주자 주차장,유료,야간 미개방
1822,성동구 성수동2가 527-0,노상 주차장,시간제 + 거주자 주차장,유료,야간 미개방
1823,성동구 성수동2가 527-0,노상 주차장,시간제 + 거주자 주차장,유료,야간 미개방
1824,성동구 성수동2가 527-0,노상 주차장,시간제 + 거주자 주차장,유료,야간 미개방
1825,성동구 성수동2가 527-0,노상 주차장,시간제 + 거주자 주차장,유료,야간 미개방
1826,성동구 성수동2가 527-0,노상 주차장,시간제 + 거주자 주차장,유료,야간 미개방
1827,성동구 성수동2가 527-0,노상 주차장,시간제 + 거주자 주차장,유료,야간 미개방
1828,성동구 성수동2가 527-0,노상 주차장,시간제 + 거주자 주차장,유료,야간 미개방
1829,성동구 성수동2가 527-0,노상 주차장,시간제 + 거주자 주차장,유료,야간 미개방
1830,성동구 성수동2가 527-0,노상 주차장,시간제 + 거주자 주차장,유료,야간 미개방
1831,중구 신당동 204-92 ,노상 주차장,버스전용 주차장,무료,야간 미개방
1832,중구 신당동 204-92 ,노상 주차장,버스전용 주차장,무료,야간 미개방
1833,성동구 마장동 450-65,노상 주차장,시간제 + 거주자 주차장,유료,야간 미개방
1834,성동구 마장동 450-65,노상 주차장,시간제 + 거주자 주차장,유료,야간 미개방
1835,성동구 마장동 450-65,노상 주차장,시간제 + 거주자 주차장,유료,야간 미개방
1836,성동구 마장동 450-65,노상 주차장,시간제 + 거주자 주차장,유료,야간 미개방
1837,성동구 마장동 450-65,노상 주차장,시간제 + 거주자 주차장,유료,야간 미개방
1838,성동구 마장동 450-65,노상 주차장,시간제 + 거주자 주차장,유료,야간 미개방
1839,성동구 마장동 450-65,노상 주차장,시간제 + 거주자 주차장,유료,야간 미개방
1840,성동구 마장동 450-65,노상 주차장,시간제 + 거주자 주차장,유료,야간 미개방
1841,성동구 행당동 157-1,노상 주차장,시간제 + 거주자 주차장,유료,야간 미개방
1842,성동구 행당동 157-1,노상 주차장,시간제 + 거주자 주차장,유료,야간 미개방
1843,성동구 행당동 157-1,노상 주차장,시간제 + 거주자 주차장,유료,야간 미개방
1844,성동구 행당동 157-1,노상 주차장,시간제 + 거주자 주차장,유료,야간 미개방
1845,성동구 행당동 157-1,노상 주차장,시간제 + 거주자 주차장,유료,야간 미개방
1846,성동구 행당동 157-1,노상 주차장,시간제 + 거주자 주차장,유료,야간 미개방
1847,성동구 행당동 157-1,노상 주차장,시간제 + 거주자 주차장,유료,야간 미개방
1848,성동구 행당동 157-1,노상 주차장,시간제 + 거주자 주차장,유료,야간 미개방
1849,성동구 사근동 293-3,노상 주차장,시간제 + 거주자 주차장,유료,야간 미개방
1850,성동구 사근동 293-3,노상 주차장,시간제 + 거주자 주차장,유료,야간 미개방
1851,성동구 사근동 293-3,노상 주차장,시간제 + 거주자 주차장,유료,야간 미개방
1852,성동구 사근동 293-3,노상 주차장,시간제 + 거주자 주차장,유료,야간 미개방
1853,성동구 사근동 293-3,노상 주차장,시간제 + 거주자 주차장,유료,야간 미개방
1854,성동구 사근동 293-3,노상 주차장,시간제 + 거주자 주차장,유료,야간 미개방
1855,성동구 사근동 293-3,노상 주차장,시간제 + 거주자 주차장,유료,야간 미개방
1856,성동구 사근동 293-3,노상 주차장,시간제 + 거주자 주차장,유료,야간 미개방
1857,성동구 사근동 293-3,노상 주차장,시간제 + 거주자 주차장,유료,야간 미개방
1858,성동구 사근동 293-3,노상 주차장,시간제 + 거주자 주차장,유료,야간 미개방
1859,성동구 사근동 293-3,노상 주차장,시간제 + 거주자 주차장,유료,야간 미개방
1860,성동구 사근동 293-3,노상 주차장,시간제 + 거주자 주차장,유료,야간 미개방
1861,성동구 사근동 293-3,노상 주차장,시간제 + 거주자 주차장,유료,야간 미개방
1862,성동구 사근동 293-3,노상 주차장,시간제 + 거주자 주차장,유료,야간 미개방
1863,성동구 사근동 293-3,노상 주차장,시간제 + 거주자 주차장,유료,야간 미개방
1864,성동구 사근동 293-3,노상 주차장,시간제 + 거주자 주차장,유료,야간 미개방
1865,성동구 사근동 293-3,노상 주차장,시간제 + 거주자 주차장,유료,야간 미개방
1866,성동구 사근동 293-3,노상 주차장,시간제 + 거주자 주차장,유료,야간 미개방
1867,성동구 사근동 293-3,노상 주차장,시간제 + 거주자 주차장,유료,야간 미개방
1868,성동구 사근동 293-3,노상 주차장,시간제 + 거주자 주차장,유료,야간 미개방
1869,성동구 사근동 293-3,노상 주차장,시간제 + 거주자 주차장,유료,야간 미개방
1870,성동구 사근동 293-3,노상 주차장,시간제 + 거주자 주차장,유료,야간 미개방
1871,성동구 사근동 293-3,노상 주차장,시간제 + 거주자 주차장,유료,야간 미개방
1872,성동구 사근동 293-3,노상 주차장,시간제 + 거주자 주차장,유료,야간 미개방
1873,성동구 사근동 293-3,노상 주차장,시간제 + 거주자 주차장,유료,야간 미개방
1874,성동구 사근동 293-3,노상 주차장,시간제 + 거주자 주차장,유료,야간 미개방
1875,성동구 사근동 293-3,노상 주차장,시간제 + 거주자 주차장,유료,야간 미개방
1876,성동구 사근동 293-3,노상 주차장,시간제 + 거주자 주차장,유료,야간 미개방
1877,성동구 사근동 293-3,노상 주차장,시간제 + 거주자 주차장,유료,야간 미개방
1878,성동구 사근동 293-3,노상 주차장,시간제 + 거주자 주차장,유료,야간 미개방
1879,성동구 사근동 293-3,노상 주차장,시간제 + 거주자 주차장,유료,야간 미개방
1880,성동구 사근동 293-3,노상 주차장,시간제 + 거주자 주차장,유료,야간 미개방
1881,성동구 사근동 293-3,노상 주차장,시간제 + 거주자 주차장,유료,야간 미개방
1882,성동구 사근동 293-3,노상 주차장,시간제 + 거주자 주차장,유료,야간 미개방
1883,성동구 사근동 293-3,노상 주차장,시간제 + 거주자 주차장,유료,야간 미개방
1884,성동구 사근동 293-3,노상 주차장,시간제 + 거주자 주차장,유료,야간 미개방
1885,성동구 사근동 293-3,노상 주차장,시간제 + 거주자 주차장,유료,야간 미개방
1886,성동구 사근동 293-3,노상 주차장,시간제 + 거주자 주차장,유료,야간 미개방
1887,성동구 사근동 293-3,노상 주차장,시간제 + 거주자 주차장,유료,야간 미개방
1888,성동구 사근동 293-3,노상 주차장,시간제 + 거주자 주차장,유료,야간 미개방
1889,성동구 사근동 293-3,노상 주차장,시간제 + 거주자 주차장,유료,야간 미개방
1890,성동구 사근동 293-3,노상 주차장,시간제 + 거주자 주차장,유료,야간 미개방
1891,성동구 사근동 293-3,노상 주차장,시간제 + 거주자 주차장,유료,야간 미개방
1892,성동구 사근동 293-3,노상 주차장,시간제 + 거주자 주차장,유료,야간 미개방
1893,성동구 사근동 293-3,노상 주차장,시간제 + 거주자 주차장,유료,야간 미개방
1894,성동구 사근동 293-3,노상 주차장,시간제 + 거주자 주차장,유료,야간 미개방
1895,성동구 사근동 293-3,노상 주차장,시간제 + 거주자 주차장,유료,야간 미개방
1896,성동구 사근동 293-3,노상 주차장,시간제 + 거주자 주차장,유료,야간 미개방
1897,성동구 사근동 293-3,노상 주차장,시간제 + 거주자 주차장,유료,야간 미개방
1898,성동구 사근동 293-3,노상 주차장,시간제 + 거주자 주차장,유료,야간 미개방
1899,성동구 사근동 293-3,노상 주차장,시간제 + 거주자 주차장,유료,야간 미개방
1900,성동구 사근동 293-3,노상 주차장,시간제 + 거주자 주차장,유료,야간 미개방
1901,성동구 사근동 293-3,노상 주차장,시간제 + 거주자 주차장,유료,야간 미개방
1902,성동구 사근동 293-3,노상 주차장,시간제 + 거주자 주차장,유료,야간 미개방
1903,성동구 사근동 293-3,노상 주차장,시간제 + 거주자 주차장,유료,야간 미개방
1904,성동구 사근동 293-3,노상 주차장,시간제 + 거주자 주차장,유료,야간 미개방
1905,성동구 사근동 293-3,노상 주차장,시간제 + 거주자 주차장,유료,야간 미개방
1906,성동구 사근동 293-3,노상 주차장,시간제 + 거주자 주차장,유료,야간 미개방
1907,성동구 사근동 293-3,노상 주차장,시간제 + 거주자 주차장,유료,야간 미개방
1908,성동구 사근동 293-3,노상 주차장,시간제 + 거주자 주차장,유료,야간 미개방
1909,성동구 사근동 293-3,노상 주차장,시간제 + 거주자 주차장,유료,야간 미개방
1910,성동구 사근동 190-2,노외 주차장,시간제 + 거주자 주차장,유료,야간 미개방
1911,성동구 응봉동 265-165,노상 주차장,시간제 + 거주자 주차장,유료,야간 미개방
1912,성동구 응봉동 265-165,노상 주차장,시간제 + 거주자 주차장,유료,야간 미개방
1913,성동구 응봉동 265-165,노상 주차장,시간제 + 거주자 주차장,유료,야간 미개방
1914,성동구 응봉동 265-165,노상 주차장,시간제 + 거주자 주차장,유료,야간 미개방
1915,성동구 응봉동 265-165,노상 주차장,시간제 + 거주자 주차장,유료,야간 미개방
1916,성동구 응봉동 265-165,노상 주차장,시간제 + 거주자 주차장,유료,야간 미개방
1917,성동구 응봉동 265-165,노상 주차장,시간제 + 거주자 주차장,유료,야간 미개방
1918,성동구 응봉동 265-165,노상 주차장,시간제 + 거주자 주차장,유료,야간 미개방
1919,성동구 응봉동 265-165,노상 주차장,시간제 + 거주자 주차장,유료,야간 미개방
1920,성동구 응봉동 265-165,노상 주차장,시간제 + 거주자 주차장,유료,야간 미개방
1921,성동구 응봉동 265-165,노상 주차장,시간제 + 거주자 주차장,유료,야간 미개방
1922,성동구 응봉동 265-165,노상 주차장,시간제 + 거주자 주차장,유료,야간 미개방
1923,성동구 응봉동 265-165,노상 주차장,시간제 + 거주자 주차장,유료,야간 미개방
1924,성동구 응봉동 265-165,노상 주차장,시간제 + 거주자 주차장,유료,야간 미개방
1925,성동구 응봉동 265-165,노상 주차장,시간제 + 거주자 주차장,유료,야간 미개방
1926,성동구 응봉동 265-165,노상 주차장,시간제 + 거주자 주차장,유료,야간 미개방
1927,성동구 응봉동 265-165,노상 주차장,시간제 + 거주자 주차장,유료,야간 미개방
1928,성동구 응봉동 265-165,노상 주차장,시간제 + 거주자 주차장,유료,야간 미개방
1929,성동구 응봉동 265-165,노상 주차장,시간제 + 거주자 주차장,유료,야간 미개방
1930,성동구 응봉동 265-165,노상 주차장,시간제 + 거주자 주차장,유료,야간 미개방
1931,성동구 응봉동 265-165,노상 주차장,시간제 + 거주자 주차장,유료,야간 미개방
1932,성동구 응봉동 265-165,노상 주차장,시간제 + 거주자 주차장,유료,야간 미개방
1933,성동구 응봉동 265-165,노상 주차장,시간제 + 거주자 주차장,유료,야간 미개방
1934,성동구 응봉동 265-165,노상 주차장,시간제 + 거주자 주차장,유료,야간 미개방
1935,강북구 수유동 181-40,노상 주차장,시간제 + 거주자 주차장,유료,야간 미개방
1936,강북구 수유동 181-40,노상 주차장,시간제 + 거주자 주차장,유료,야간 미개방
1937,강북구 수유동 181-40,노상 주차장,시간제 + 거주자 주차장,유료,야간 미개방
1938,강북구 수유동 181-40,노상 주차장,시간제 + 거주자 주차장,유료,야간 미개방
1939,강북구 수유동 181-40,노상 주차장,시간제 + 거주자 주차장,유료,야간 미개방
1940,강북구 수유동 181-40,노상 주차장,시간제 + 거주자 주차장,유료,야간 미개방
1941,강북구 수유동 181-40,노상 주차장,시간제 + 거주자 주차장,유료,야간 미개방
1942,강북구 수유동 181-40,노상 주차장,시간제 + 거주자 주차장,유료,야간 미개방
1943,강북구 수유동 181-40,노상 주차장,시간제 + 거주자 주차장,유료,야간 미개방
1944,강북구 수유동 181-40,노상 주차장,시간제 + 거주자 주차장,유료,야간 미개방
1945,강북구 수유동 181-40,노상 주차장,시간제 + 거주자 주차장,유료,야간 미개방
1946,강북구 수유동 181-40,노상 주차장,시간제 + 거주자 주차장,유료,야간 미개방
1947,강북구 수유동 181-40,노상 주차장,시간제 + 거주자 주차장,유료,야간 미개방
1948,강북구 수유동 181-40,노상 주차장,시간제 + 거주자 주차장,유료,야간 미개방
1949,강북구 수유동 181-40,노상 주차장,시간제 + 거주자 주차장,유료,야간 미개방
1950,강북구 수유동 181-40,노상 주차장,시간제 + 거주자 주차장,유료,야간 미개방
1951,강북구 수유동 181-40,노상 주차장,시간제 + 거주자 주차장,유료,야간 미개방
1952,강북구 수유동 181-40,노상 주차장,시간제 + 거주자 주차장,유료,야간 미개방
1953,강북구 수유동 181-40,노상 주차장,시간제 + 거주자 주차장,유료,야간 미개방
1954,강북구 수유동 181-40,노상 주차장,시간제 + 거주자 주차장,유료,야간 미개방
1955,강북구 수유동 181-40,노상 주차장,시간제 + 거주자 주차장,유료,야간 미개방
1956,강북구 수유동 181-40,노상 주차장,시간제 + 거주자 주차장,유료,야간 미개방
1957,강북구 수유동 181-40,노상 주차장,시간제 + 거주자 주차장,유료,야간 미개방
1958,강북구 수유동 181-40,노상 주차장,시간제 + 거주자 주차장,유료,야간 미개방
1959,강북구 수유동 181-40,노상 주차장,시간제 + 거주자 주차장,유료,야간 미개방
1960,강북구 수유동 181-40,노상 주차장,시간제 + 거주자 주차장,유료,야간 미개방
1961,강북구 수유동 181-40,노상 주차장,시간제 + 거주자 주차장,유료,야간 미개방
1962,강북구 수유동 181-40,노상 주차장,시간제 + 거주자 주차장,유료,야간 미개방
1963,강북구 수유동 181-40,노상 주차장,시간제 + 거주자 주차장,유료,야간 미개방
1964,강북구 수유동 181-40,노상 주차장,시간제 + 거주자 주차장,유료,야간 미개방
1965,강북구 수유동 181-40,노상 주차장,시간제 + 거주자 주차장,유료,야간 미개방
1966,강북구 수유동 181-40,노상 주차장,시간제 + 거주자 주차장,유료,야간 미개방
1967,강북구 수유동 181-40,노상 주차장,시간제 + 거주자 주차장,유료,야간 미개방
1968,강북구 수유동 181-40,노상 주차장,시간제 + 거주자 주차장,유료,야간 미개방
1969,강북구 수유동 181-40,노상 주차장,시간제 + 거주자 주차장,유료,야간 미개방
1970,강북구 수유동 181-40,노상 주차장,시간제 + 거주자 주차장,유료,야간 미개방
1971,강북구 수유동 181-40,노상 주차장,시간제 + 거주자 주차장,유료,야간 미개방
1972,강북구 수유동 181-40,노상 주차장,시간제 + 거주자 주차장,유료,야간 미개방
1973,강북구 수유동 181-40,노상 주차장,시간제 + 거주자 주차장,유료,야간 미개방
1974,강북구 수유동 181-40,노상 주차장,시간제 + 거주자 주차장,유료,야간 미개방
1975,강북구 수유동 181-40,노상 주차장,시간제 + 거주자 주차장,유료,야간 미개방
1976,강북구 수유동 181-40,노상 주차장,시간제 + 거주자 주차장,유료,야간 미개방
1977,강북구 수유동 181-40,노상 주차장,시간제 + 거주자 주차장,유료,야간 미개방
1978,강북구 수유동 181-40,노상 주차장,시간제 + 거주자 주차장,유료,야간 미개방
1979,강북구 수유동 181-40,노상 주차장,시간제 + 거주자 주차장,유료,야간 미개방
1980,강북구 수유동 181-40,노상 주차장,시간제 + 거주자 주차장,유료,야간 미개방
1981,강북구 수유동 181-40,노상 주차장,시간제 + 거주자 주차장,유료,야간 미개방
1982,강북구 수유동 181-40,노상 주차장,시간제 + 거주자 주차장,유료,야간 미개방
1983,강북구 수유동 181-40,노상 주차장,시간제 + 거주자 주차장,유료,야간 미개방
1984,강북구 수유동 181-40,노상 주차장,시간제 + 거주자 주차장,유료,야간 미개방
1985,강북구 수유동 181-40,노상 주차장,시간제 + 거주자 주차장,유료,야간 미개방
1986,강북구 수유동 181-40,노상 주차장,시간제 + 거주자 주차장,유료,야간 미개방
1987,강북구 수유동 181-40,노상 주차장,시간제 + 거주자 주차장,유료,야간 미개방
1988,강북구 수유동 181-40,노상 주차장,시간제 + 거주자 주차장,유료,야간 미개방
1989,강북구 수유동 181-40,노상 주차장,시간제 + 거주자 주차장,유료,야간 미개방
1990,강북구 수유동 181-40,노상 주차장,시간제 + 거주자 주차장,유료,야간 미개방
1991,강북구 수유동 181-40,노상 주차장,시간제 + 거주자 주차장,유료,야간 미개방
1992,강북구 수유동 181-40,노상 주차장,시간제 + 거주자 주차장,유료,야간 미개방
1993,강북구 수유동 181-40,노상 주차장,시간제 + 거주자 주차장,유료,야간 미개방
1994,강북구 수유동 181-40,노상 주차장,시간제 + 거주자 주차장,유료,야간 미개방
1995,강북구 수유동 181-40,노상 주차장,시간제 + 거주자 주차장,유료,야간 미개방
1996,강북구 수유동 181-40,노상 주차장,시간제 + 거주자 주차장,유료,야간 미개방
1997,강북구 수유동 181-40,노상 주차장,시간제 + 거주자 주차장,유료,야간 미개방
1998,강서구 화곡동 890-0,노외 주차장,시간제 주차장,유료,야간 미개방
1999,강북구 수유동 349-3,노외 주차장,시간제 주차장,유료,야간 미개방
